"","X","Seat_code","IN_PROP","quickstats_code.x","CED_NAME_2021","STATE_NAME_2021.x","SeatID","Enrolment","Yes","No","Informal","Complete","Votes_returned","Votes_returned_pc","Informal_pc_tot","Yes_pc_tot","No_pc_tot","Informal_pc_so_far","Yes_pc_so_far","No_pc_so_far","Yes_lead_pts_so_far","indig","age","t_ed","income","quickstats_code.y","STATE_NAME_2021.y","State_acronym","dem_rating","FullName","Party","DivisionID","Australian.Labor.Party.Percentage","Coalition.point.lead","ALP.margin","Swing"
"1",0,101,55.9,101,"Banks","New South Wales",103,108862,33853,54457,1403,"False",89713,82.41,0.0128878763939667,0.310971688927266,0.5002388344877,0.0156387591541917,0.377347764538027,0.607013476307781,-0.122652235461973,1,39,30.2,782,101,"New South Wales","NSW","Inner Metropolitan","Hon David Coleman MP","Liberal Party of Australia",103,0.468,0.032,-0.032,-0.0906522354619732
"2",1,102,45.8,102,"Barton","New South Wales",104,112669,37225,47069,1409,"False",85703,76.07,0.0125056581668427,0.330392565834435,0.417763537441532,0.0164404979989032,0.434348855932698,0.549210646068399,-0.0656511440673022,0.7,36,34.4,813,102,"New South Wales","NSW","Inner Metropolitan","Hon Linda Burney MP","Australian Labor Party",104,0.6554,-0.1554,0.1554,-0.221051144067302
"3",2,103,46.1,103,"Bennelong","New South Wales",105,117287,44232,48177,1089,"False",93498,79.72,0.00928491648690818,0.377126194718937,0.410761635986938,0.0116473079638067,0.473079638067124,0.515273053969069,-0.0269203619328756,0.5,37,46.9,942,103,"New South Wales","NSW","Inner Metropolitan","Mr Jerome Laxale MP","Australian Labor Party",105,0.5098,-0.00979999999999997,0.00979999999999997,-0.0367203619328755
"4",3,104,62.2,104,"Berowra","New South Wales",106,107219,39529,44364,991,"False",84884,79.17,0.00924276480847611,0.368675328066854,0.41376994749065,0.011674756137788,0.465682578577824,0.522642665284388,-0.0343174214221761,0.7,43,40.9,960,104,"New South Wales","NSW","Outer Metropolitan","Mr Julian Leeser MP","Liberal Party of Australia",106,0.4023,0.0977,-0.0977,0.0633825785778239
"5",4,105,42.9,105,"Blaxland","New South Wales",107,110299,29633,48511,2155,"False",80299,72.8,0.0195378017933073,0.268660640622308,0.439813597584747,0.0268371959800247,0.369033238271959,0.604129565748017,-0.130966761728041,0.6,33,20.4,556,105,"New South Wales","NSW","Inner Metropolitan","Hon Jason Clare MP","Australian Labor Party",107,0.6494,-0.1494,0.1494,-0.280366761728041
"6",5,106,51.8,106,"Bradfield","New South Wales",108,109603,44776,42252,793,"False",87821,80.13,0.00723520341596489,0.408528963623258,0.385500396886947,0.00902973092995981,0.509855273795561,0.481114995274479,0.00985527379556139,0.3,41,52.7,1062,106,"New South Wales","NSW","Inner Metropolitan","Hon Paul Fletcher MP","Liberal Party of Australia",108,0.4345,0.0655,-0.0655,0.0753552737955614
"7",6,107,83.8,107,"Calare","New South Wales",109,123089,29347,74500,1124,"False",104971,85.28,0.00913160396136129,0.238420979941343,0.605253109538627,0.0107077192748473,0.279572453344257,0.709719827380896,-0.220427546655743,7.8,40,16.8,757,107,"New South Wales","NSW","Rural","Hon Andrew Gee MP","Independent",109,0.3455,0.1545,-0.1545,-0.0659275466557429
"8",7,108,49.2,108,"Chifley","New South Wales",111,127433,38878,57752,1548,"False",98178,77.04,0.0121475598942189,0.30508580979809,0.453195012280963,0.0157672798386604,0.39599502943633,0.58823769072501,-0.10400497056367,4.2,34,24.7,749,108,"New South Wales","NSW","Outer Metropolitan","Hon Ed Husic MP","Australian Labor Party",111,0.6347,-0.1347,0.1347,-0.23870497056367
"9",8,109,72.8,109,"Cook","New South Wales",112,111910,32402,57154,1000,"False",90556,80.92,0.00893575194352605,0.289536234474131,0.510713966580288,0.0110428905870401,0.357811740801272,0.631145368611688,-0.142188259198728,1.3,42,28,991,109,"New South Wales","NSW","Inner Metropolitan","Hon Scott Morrison MP","Liberal Party of Australia",112,0.3756,0.1244,-0.1244,-0.0177882591987279
"10",9,110,80.4,110,"Cowper","New South Wales",113,132073,36364,72666,1366,"False",110396,83.59,0.0103427649860305,0.27533258122402,0.550195725091427,0.0123736367259683,0.329395992608428,0.658230370665604,-0.170604007391572,7.2,47,16.6,629,110,"New South Wales","NSW","Provincial","Mr Pat Conaghan MP","The Nationals",113,0.4053,0.0947,-0.0947,-0.0759040073915722
"11",10,111,74,111,"Cunningham","New South Wales",114,118427,49746,47246,1163,"False",98155,82.88,0.0098203956867944,0.420056237175644,0.398946186258201,0.0118486067953747,0.506810656614538,0.481340736590087,0.00681065661453828,2.7,39,28.2,780,111,"New South Wales","NSW","Provincial","Ms Alison Byrnes MP","Australian Labor Party",114,0.647,-0.147,0.147,-0.140189343385462
"12",11,112,80.7,112,"Dobell","New South Wales",115,120355,33234,61238,1189,"False",95661,79.48,0.00987910763989863,0.276133106227411,0.508811432844502,0.0124293076593387,0.347414306770784,0.640156385569877,-0.152585693229216,5.8,41,15.2,718,112,"New South Wales","NSW","Provincial","Hon Emma McBride MP","Australian Labor Party",115,0.5652,-0.0652,0.0652,-0.217785693229216
"13",12,113,79.2,113,"Eden-Monaro","New South Wales",117,117428,38729,59333,1065,"False",99127,84.42,0.00906938719896447,0.329810607350887,0.505271315188882,0.0107437933156456,0.390700818142383,0.598555388541971,-0.109299181857617,3.9,43,22.6,873,113,"New South Wales","NSW","Rural","Hon Kristy McBain MP","Australian Labor Party",117,0.582,-0.082,0.082,-0.191299181857617
"14",13,114,80.3,114,"Farrer","New South Wales",118,122149,25023,75234,978,"False",101235,82.88,0.00800661487200059,0.204856363948948,0.615919901104389,0.00966069047266262,0.247177359608831,0.743161949918506,-0.252822640391169,4.9,42,14.2,744,114,"New South Wales","NSW","Rural","Hon Sussan Ley MP","Liberal Party of Australia",118,0.3365,0.1635,-0.1635,-0.0893226403911691
"15",14,115,39.1,115,"Fowler","New South Wales",119,112730,34287,52062,1880,"False",88229,78.27,0.0166770158786481,0.304151512463408,0.461829149294775,0.0213081866506477,0.388613721112106,0.590078092237246,-0.111386278887894,0.9,38,15.6,521,115,"New South Wales","NSW","Outer Metropolitan","Ms Dai Le MP","Independent",119,0.5572,-0.0572,0.0572,-0.168586278887894
"16",15,116,79.8,116,"Gilmore","New South Wales",120,129320,41000,66602,1128,"False",108730,84.08,0.00872254871636251,0.317042994123105,0.515017012063099,0.0103743217143383,0.377080842453785,0.612544835831877,-0.122919157546215,5.8,49,18,655,116,"New South Wales","NSW","Rural","Mrs Fiona Phillips MP","Australian Labor Party",120,0.5017,-0.00170000000000002,0.00170000000000002,-0.124619157546215
"17",16,117,63.3,117,"Grayndler","New South Wales",121,111419,65474,22690,768,"False",88932,79.82,0.00689289977472424,0.587637656055071,0.203645697771475,0.00863581163135879,0.736225430666127,0.255138757702514,0.236225430666127,1.2,38,49.3,1254,117,"New South Wales","NSW","Inner Metropolitan","Hon Anthony Albanese MP","Australian Labor Party",121,0.7885,-0.2885,0.2885,-0.052274569333873
"18",17,118,50.2,118,"Greenway","New South Wales",122,126428,42372,56110,1129,"False",99611,78.79,0.00892998386433385,0.335147277501819,0.443809915525042,0.0113340896085774,0.425374707612613,0.56329120277881,-0.0746252923873869,1.6,35,35,931,118,"New South Wales","NSW","Outer Metropolitan","Hon Michelle Rowland MP","Australian Labor Party",122,0.6153,-0.1153,0.1153,-0.189925292387387
"19",18,119,76.2,119,"Hughes","New South Wales",124,108616,37359,53217,897,"False",91473,84.22,0.00825845179347426,0.343954850114164,0.489955439345953,0.00980617231314158,0.408415598045325,0.581778229641534,-0.0915844019546752,1.5,39,28,997,119,"New South Wales","NSW","Outer Metropolitan","Ms Jenny Ware MP","Liberal Party of Australia",124,0.4299,0.0701,-0.0701,-0.0214844019546752
"20",19,120,82.3,120,"Hume","New South Wales",125,126270,26382,74837,948,"False",102167,80.91,0.00750772154906154,0.208933238298883,0.592674427813416,0.00927892568050349,0.258224279855531,0.732496794463966,-0.241775720144469,4.2,38,16.4,855,120,"New South Wales","NSW","Provincial","Hon Angus Taylor MP","Liberal Party of Australia",125,0.4228,0.0772,-0.0772,-0.164575720144469
"21",20,121,85.5,121,"Hunter","New South Wales",126,132346,30182,75244,1157,"False",106583,80.53,0.00874223625950161,0.228053737929367,0.568540038988711,0.010855389696293,0.283178368032425,0.705966242271282,-0.216821631967575,8,40,13.2,730,121,"New South Wales","NSW","Rural","Mr Dan Repacholi MP","Australian Labor Party",126,0.5403,-0.0403,0.0403,-0.257121631967575
"22",21,122,51.9,122,"Kingsford Smith","New South Wales",127,115849,49457,40827,1029,"False",91313,78.82,0.00888225189686575,0.426909166242264,0.352415644502758,0.0112689321345263,0.541620579764108,0.447110488101366,0.041620579764108,1.9,36,40.2,1042,122,"New South Wales","NSW","Inner Metropolitan","Hon Matt Thistlethwaite MP","Australian Labor Party",127,0.645,-0.145,0.145,-0.103379420235892
"23",22,123,71.5,123,"Lindsay","New South Wales",128,128298,31111,70335,1282,"False",102728,80.07,0.00999236153330527,0.242490140142481,0.548215872422018,0.0124795576668484,0.302848298419126,0.684672143914025,-0.197151701580874,5.3,35,17.7,866,123,"New South Wales","NSW","Outer Metropolitan","Mrs Melissa McIntosh MP","Liberal Party of Australia",128,0.4366,0.0634,-0.0634,-0.133751701580874
"24",23,124,83.9,124,"Lyne","New South Wales",130,127089,25825,75124,983,"False",101932,80.21,0.00773473707401899,0.203204053852025,0.591113314291559,0.00964368402464388,0.253355177961778,0.737001138013578,-0.246644822038222,6.7,51,13.5,600,124,"New South Wales","NSW","Rural","Hon Dr David Gillespie MP","The Nationals",130,0.362,0.138,-0.138,-0.108644822038222
"25",24,125,63.5,125,"Macarthur","New South Wales",131,141022,38263,71213,1555,"False",111031,78.73,0.0110266483243749,0.271326459701323,0.504977946703351,0.014005097675424,0.344615467752249,0.641379434572327,-0.155384532247751,3.8,34,20.4,806,125,"New South Wales","NSW","Outer Metropolitan","Dr Mike Freelander MP","Australian Labor Party",131,0.5853,-0.0853,0.0853,-0.240684532247751
"26",25,126,69.1,126,"Mackellar","New South Wales",132,112580,46017,45666,1047,"False",92730,82.37,0.00930005329543436,0.408749333807071,0.40563155089714,0.0112908443869298,0.496247169200906,0.492461986412164,-0.00375283079909416,0.7,43,32.9,1018,126,"New South Wales","NSW","Outer Metropolitan","Dr Sophie Scamps MP","Independent",132,0.414,0.086,-0.086,0.0822471692009059
"27",26,127,80.7,127,"Macquarie","New South Wales",133,109172,37939,50154,956,"False",89049,81.57,0.00875682409409006,0.347515846554061,0.459403510057524,0.0107356623881234,0.426046334040809,0.563218003571068,-0.073953665959191,3.7,42,25,838,127,"New South Wales","NSW","Provincial","Ms Susan Templeman MP","Australian Labor Party",133,0.5777,-0.0777,0.0777,-0.151653665959191
"28",27,128,49.1,128,"McMahon","New South Wales",315,111600,29337,53981,1622,"False",84940,76.11,0.0145340501792115,0.262876344086022,0.483700716845878,0.0190958323522486,0.345384977631269,0.635519190016482,-0.154615022368731,1.3,36,16.7,602,128,"New South Wales","NSW","Outer Metropolitan","Hon Chris Bowen MP","Australian Labor Party",315,0.5949,-0.0949,0.0949,-0.249515022368731
"29",28,129,56.6,129,"Mitchell","New South Wales",134,128016,40690,58158,918,"False",99766,77.93,0.00717097862767154,0.317850893638295,0.454302587176603,0.00920153158390634,0.407854379247439,0.582944089168655,-0.092145620752561,0.6,38,40.8,1026,129,"New South Wales","NSW","Outer Metropolitan","Hon Alex Hawke MP","Liberal Party of Australia",134,0.3931,0.1069,-0.1069,0.014754379247439
"30",29,130,82.1,130,"New England","New South Wales",135,116060,24176,73516,884,"False",98576,84.94,0.00761674995691883,0.208306048595554,0.633430983973807,0.00896770004869339,0.245252394091868,0.745779905859438,-0.254747605908132,10.3,42,15.7,690,130,"New South Wales","NSW","Rural","Hon Barnaby Joyce MP","The Nationals",135,0.3357,0.1643,-0.1643,-0.0904476059081318
"31",30,131,80.7,131,"Newcastle","New South Wales",136,123715,53332,47245,1139,"False",101716,82.22,0.00920664430343936,0.431087580325749,0.381885785878834,0.0111978449801408,0.524322623776004,0.464479531243855,0.0243226237760038,4.2,37,29.2,867,131,"New South Wales","NSW","Provincial","Ms Sharon Claydon MP","Australian Labor Party",136,0.6798,-0.1798,0.1798,-0.155477376223996
"32",31,132,56,132,"North Sydney","New South Wales",137,113147,51421,35100,795,"False",87316,77.17,0.00702625787692117,0.454461894703351,0.310215913811237,0.00910486050666545,0.588906958633011,0.401988180860323,0.0889069586330111,0.4,39,55.7,1402,132,"New South Wales","NSW","Inner Metropolitan","Ms Kylea Tink MP","Independent",137,0.4874,0.0126,-0.0126,0.101506958633011
"33",32,133,82.5,133,"Page","New South Wales",138,124241,33211,70726,1180,"False",105117,84.61,0.00949766985133732,0.267311113078613,0.569264574496342,0.0112255867271707,0.31594318711531,0.67283122615752,-0.18405681288469,6.6,46,15.8,635,133,"New South Wales","NSW","Rural","Hon Kevin Hogan MP","The Nationals",138,0.3926,0.1074,-0.1074,-0.0766568128846904
"34",33,134,81.2,134,"Parkes","New South Wales",139,110985,17788,68444,917,"False",87149,78.52,0.00826237779880164,0.160273910888859,0.61669594990314,0.0105222090901789,0.204110202067723,0.785367588842098,-0.295889797932277,16.4,39,13.1,753,134,"New South Wales","NSW","Rural","Hon Mark Coulton MP","The Nationals",139,0.3216,0.1784,-0.1784,-0.117489797932277
"35",34,135,38.2,135,"Parramatta","New South Wales",140,109369,34897,42272,1119,"False",78288,71.58,0.0102314184092384,0.319075789300442,0.386508059870713,0.0142933782955242,0.445751583895361,0.539955037809115,-0.0542484161046393,0.8,34,39.9,813,135,"New South Wales","NSW","Inner Metropolitan","Dr Andrew Charlton MP","Australian Labor Party",140,0.5457,-0.0457,0.0457,-0.0999484161046393
"36",35,136,85.4,136,"Paterson","New South Wales",249,135940,33535,80260,1306,"False",115101,84.67,0.00960717963807562,0.246689716051199,0.59040753273503,0.0113465565025499,0.291352811878263,0.697300631619187,-0.208647188121737,7.7,40,13.2,722,136,"New South Wales","NSW","Provincial","Ms Meryl Swanson MP","Australian Labor Party",249,0.5331,-0.0331,0.0331,-0.241747188121737
"37",36,137,43.9,137,"Reid","New South Wales",144,116666,40858,46294,942,"False",88094,75.51,0.00807433185332488,0.350213429791027,0.396807981759896,0.0106931232547052,0.46380003178423,0.525506844961064,-0.0361999682157695,0.6,35,43.6,958,137,"New South Wales","NSW","Inner Metropolitan","Ms Sally Sitou MP","Australian Labor Party",144,0.5519,-0.0519,0.0519,-0.0880999682157695
"38",37,138,76.1,138,"Richmond","New South Wales",145,123584,42993,56499,1407,"False",100899,81.64,0.0113849689280166,0.347884839461419,0.457170831175557,0.0139446377070139,0.426099366693426,0.55995599559956,-0.0739006333065739,3.7,46,21.6,699,138,"New South Wales","NSW","Rural","Hon Justine Elliot MP","Australian Labor Party",145,0.5823,-0.0823,0.0823,-0.156200633306574
"39",38,139,84.5,139,"Riverina","New South Wales",250,117720,27840,71430,991,"False",100261,85.17,0.00841828066598709,0.236493374108053,0.60677879714577,0.00988420223217403,0.27767526755169,0.712440530216136,-0.22232473244831,7.5,40,14.7,734,139,"New South Wales","NSW","Rural","Hon Michael McCormack MP","The Nationals",250,0.3515,0.1485,-0.1485,-0.0738247324483099
"40",39,140,76.1,140,"Robertson","New South Wales",146,113382,39344,53250,1023,"False",93617,82.57,0.00902259617928772,0.347003933604981,0.469651267396941,0.0109275024835233,0.420265550060352,0.568806947456124,-0.0797344499396477,3.5,44,22.4,761,140,"New South Wales","NSW","Provincial","Dr Gordon Reid MP","Australian Labor Party",146,0.5226,-0.0226,0.0226,-0.102334449939648
"41",40,141,85.5,141,"Shortland","New South Wales",148,117655,36912,59964,1102,"False",97978,83.28,0.00936636777017551,0.313730823169436,0.509659597977137,0.011247422890853,0.376737634979281,0.612014942129866,-0.123262365020719,5.3,43,18.5,745,141,"New South Wales","NSW","Provincial","Hon Pat Conroy MP","Australian Labor Party",148,0.5582,-0.0582,0.0582,-0.181462365020719
"42",41,142,44.4,142,"Sydney","New South Wales",149,122192,59270,24369,803,"False",84442,69.11,0.00657162498363232,0.48505630483174,0.199432041377504,0.00950948580090476,0.701901897160181,0.288588617038914,0.201901897160181,1.5,33,52.4,1228,142,"New South Wales","NSW","Inner Metropolitan","Hon Tanya Plibersek MP","Australian Labor Party",149,0.7557,-0.2557,0.2557,-0.0537981028398191
"43",42,143,62.6,143,"Warringah","New South Wales",151,106766,49860,34925,800,"False",85585,80.16,0.00749302212314782,0.467002603825188,0.327117247063672,0.0093474323771689,0.582578722907051,0.40807384471578,0.0825787229070515,0.5,40,47.9,1330,143,"New South Wales","NSW","Inner Metropolitan","Ms Zali Steggall OAM, MP","Independent",151,0.4857,0.0143,-0.0143,0.0968787229070515
"44",43,144,45,144,"Watson","New South Wales",251,110995,34335,48497,1880,"False",84712,76.32,0.0169376998963917,0.309338258480112,0.436929591423037,0.0221928416281046,0.405314477287751,0.572492681084144,-0.0946855227122486,0.6,36,26.6,626,144,"New South Wales","NSW","Inner Metropolitan","Hon Tony Burke MP","Australian Labor Party",251,0.651,-0.151,0.151,-0.245685522712248
"45",44,145,57.6,145,"Wentworth","New South Wales",152,104454,48940,29794,1044,"False",79778,76.38,0.00999483026021024,0.468531602427863,0.285235606104122,0.0130863145228008,0.61345233021635,0.373461355260849,0.11345233021635,0.4,38,53.6,1517,145,"New South Wales","NSW","Inner Metropolitan","Ms Allegra Spender MP","Independent",152,0.4408,0.0592,-0.0592,0.17265233021635
"46",45,146,50.6,146,"Werriwa","New South Wales",153,133104,40745,62988,1815,"False",105548,79.3,0.0136359538406058,0.306114016107705,0.473223945185719,0.017195967711373,0.386032894986167,0.59677113730246,-0.113967105013833,1.8,34,20,671,146,"New South Wales","NSW","Outer Metropolitan","Ms Anne Stanley MP","Australian Labor Party",153,0.5582,-0.0582,0.0582,-0.172167105013833
"47",46,147,77.9,147,"Whitlam","New South Wales",150,128715,37101,67713,1340,"False",106154,82.47,0.0104105970555102,0.28824146369887,0.526069222701317,0.0126231701113477,0.349501667388888,0.637875162499765,-0.150498332611112,4.2,41,16.6,730,147,"New South Wales","NSW","Provincial","Hon Stephen Jones MP","Australian Labor Party",150,0.6007,-0.1007,0.1007,-0.251198332611112
"48",47,201,64,201,"Aston","Victoria",197,111395,37601,51728,979,"False",90308,81.07,0.00878854526684322,0.337546568517438,0.464365546029894,0.0108406785666829,0.4163639987598,0.572795322673517,-0.0836360012402002,0.6,40,28,797,201,"Victoria","Vic","Outer Metropolitan","Ms Mary Doyle MP","Australian Labor Party",197,0.4719,0.0281,-0.0281,-0.0555360012402002
"49",48,202,83.1,202,"Ballarat","Victoria",198,113572,38406,54170,972,"False",93548,82.37,0.00855844750466664,0.338164336280069,0.476966153629416,0.0103903878222944,0.410548595373498,0.579061016804208,-0.0894514046265019,1.7,41,22.4,734,202,"Victoria","Vic","Provincial","Hon Catherine King MP","Australian Labor Party",198,0.6297,-0.1297,0.1297,-0.219151404626502
"50",49,203,83.7,203,"Bendigo","Victoria",200,113925,38181,57683,979,"False",96843,85.01,0.00859337283300417,0.335141540487163,0.506324336186087,0.0101091457307188,0.394256683498033,0.595634170771248,-0.105743316501967,2,42,21.5,732,203,"Victoria","Vic","Provincial","Ms Lisa Chesters MP","Australian Labor Party",200,0.6211,-0.1211,0.1211,-0.226843316501967
"51",50,204,49,204,"Bruce","Victoria",201,114704,36255,50549,994,"False",87798,76.54,0.00866578323336588,0.316074417631469,0.44069082159297,0.011321442401877,0.412936513360213,0.57574204423791,-0.0870634866397868,0.6,37,21.1,691,204,"Victoria","Vic","Outer Metropolitan","Mr Julian Hill MP","Australian Labor Party",201,0.5659,-0.0659,0.0659,-0.152963486639787
"52",51,205,49.5,205,"Calwell","Victoria",203,116588,34360,42957,1394,"False",78711,67.51,0.0119566336158095,0.294713006484372,0.368451298589906,0.0177103581456213,0.436533648410006,0.545755993444372,-0.0634663515899938,0.7,32,20.9,623,205,"Victoria","Vic","Outer Metropolitan","Ms Maria Vamvakinou MP","Australian Labor Party",203,0.6239,-0.1239,0.1239,-0.187366351589994
"53",52,206,79.5,206,"Casey","Victoria",204,116043,39751,55011,1009,"False",95771,82.53,0.00869505269598339,0.342554053238886,0.474057030583491,0.0105355483392676,0.415063014900126,0.574401436760606,-0.0849369850998736,1.1,40,21.4,809,206,"Victoria","Vic","Rural","Mr Aaron Violi MP","Liberal Party of Australia",204,0.4852,0.0148,-0.0148,-0.0701369850998737
"54",53,207,46.6,207,"Chisholm","Victoria",205,111035,41206,41891,748,"False",83845,75.51,0.00673661458098798,0.371108209123249,0.377277435043004,0.00892122368656449,0.491454469556921,0.499624306756515,-0.00854553044307949,0.3,39,42.1,734,207,"Victoria","Vic","Inner Metropolitan","Dr Carina Garland MP","Australian Labor Party",205,0.5641,-0.0641,0.0641,-0.0726455304430794
"55",54,208,64.6,208,"Cooper","Victoria",320,111892,54554,29053,866,"False",84473,75.5,0.00773960604868981,0.487559432309727,0.259652164587281,0.010251796431996,0.645815822807288,0.343932380760716,0.145815822807288,1,37,40,888,208,"Victoria","Vic","Inner Metropolitan","Hon Ged Kearney MP","Australian Labor Party",320,0.7546,-0.2546,0.2546,-0.108784177192712
"56",55,209,81.2,209,"Corangamite","Victoria",328,117562,44182,48337,894,"False",93413,79.46,0.00760449805209166,0.375818716932342,0.411161769959681,0.00957040240651729,0.4729748536071,0.517454743986383,-0.0270251463929003,1,40,26.2,812,209,"Victoria","Vic","Provincial","Ms Libby Coker MP","Australian Labor Party",328,0.576,-0.076,0.076,-0.1030251463929
"57",56,210,75.9,210,"Corio","Victoria",208,114366,39513,47265,951,"False",87729,76.71,0.00831540842558103,0.34549603903258,0.413278421908609,0.0108402010737612,0.450398385938515,0.538761412987724,-0.0496016140614848,1.5,39,24.1,763,210,"Victoria","Vic","Provincial","Hon Richard Marles MP","Australian Labor Party",208,0.6284,-0.1284,0.1284,-0.178001614061485
"58",57,211,67.6,211,"Deakin","Victoria",209,114133,42048,44420,805,"False",87273,76.47,0.00705317480483296,0.368412290923747,0.389195061901466,0.00922392950855362,0.481798494379705,0.508977576111741,-0.0182015056202949,0.5,40,33.1,832,211,"Victoria","Vic","Outer Metropolitan","Hon Michael Sukkar MP","Liberal Party of Australia",209,0.4981,0.00189999999999998,-0.00189999999999998,-0.016301505620295
"59",58,212,73.8,212,"Dunkley","Victoria",210,113209,38496,49913,912,"False",89321,78.9,0.00805589661599343,0.34004363610667,0.44089250854614,0.0102103648638058,0.430984874777488,0.558804760358706,-0.0690151252225121,1.2,40,20.5,819,212,"Victoria","Vic","Outer Metropolitan","Ms Peta Murphy MP","Australian Labor Party",210,0.5627,-0.0627,0.0627,-0.131715125222512
"60",59,213,76.8,213,"Flinders","Victoria",211,115153,39527,54342,959,"False",94828,82.35,0.00832805050671715,0.34325636327321,0.471911283249242,0.0101130467794322,0.41682836293078,0.573058590289788,-0.08317163706922,1.1,48,20,745,213,"Victoria","Vic","Rural","Ms Zoe McKenzie MP","Liberal Party of Australia",211,0.433,0.067,-0.067,-0.01617163706922
"61",60,214,46.6,214,"Fraser","Victoria",321,113529,45540,35641,1000,"False",82181,72.39,0.00880832210272265,0.40113098855799,0.313937408063138,0.012168262737129,0.554142685048856,0.433689052214015,0.0541426850488556,0.6,36,29.2,717,214,"Victoria","Vic","Inner Metropolitan","Dr Daniel Mulino MP","Australian Labor Party",321,0.665,-0.165,0.165,-0.110857314951144
"62",61,215,54.2,215,"Gellibrand","Victoria",212,113825,46579,41859,905,"False",89343,78.49,0.00795080166922908,0.409215901603338,0.36774873709642,0.0101295009122147,0.521350301646464,0.468520197441322,0.0213503016464637,0.7,35,36.2,936,215,"Victoria","Vic","Inner Metropolitan","Hon Tim Watts MP","Australian Labor Party",212,0.6154,-0.1154,0.1154,-0.0940496983535363
"63",62,216,80.1,216,"Gippsland","Victoria",213,117043,25858,69864,888,"False",96610,82.54,0.00758695522158523,0.220927351486206,0.596908828379314,0.00919159507297381,0.2676534520236,0.723154952903426,-0.2323465479764,2.5,46,13.7,644,216,"Victoria","Vic","Rural","Hon Darren Chester MP","The Nationals",213,0.2943,0.2057,-0.2057,-0.0266465479764
"64",63,217,66.2,217,"Goldstein","Victoria",214,111856,50320,39687,724,"False",90731,81.11,0.00647260763839222,0.449864110999857,0.35480439136032,0.00797963209928249,0.554606474082728,0.437413893817989,0.0546064740827281,0.2,43,44.8,1068,217,"Victoria","Vic","Inner Metropolitan","Ms Zoe Daniel MP","Independent",214,0.452,0.048,-0.048,0.102606474082728
"65",64,218,53.3,218,"Gorton","Victoria",309,119826,34035,54765,1121,"False",89921,75.04,0.00935523175270809,0.284036853437484,0.457037704671774,0.0124664983707921,0.378498904594033,0.609034597035175,-0.121501095405967,0.6,35,23,742,218,"Victoria","Vic","Outer Metropolitan","Hon Brendan O'Connor MP","Australian Labor Party",309,0.5997,-0.0997,0.0997,-0.221201095405967
"66",65,219,70.6,219,"Hawke","Victoria",326,111971,30221,55536,990,"False",86747,77.47,0.00884157505068277,0.269900242026953,0.495985567691634,0.0114124984149308,0.348380923835983,0.640206577749086,-0.151619076164017,1.5,35,17.5,777,219,"Victoria","Vic","Provincial","Mr Sam Rae MP","Australian Labor Party",326,0.5763,-0.0763,0.0763,-0.227919076164017
"67",66,220,63.5,220,"Higgins","Victoria",215,110069,48294,32095,655,"False",81044,73.63,0.00595081267205117,0.438761140738991,0.291589820930507,0.00808202951483145,0.595898524258427,0.396019446226741,0.0958985242584275,0.3,37,52.4,1218,220,"Victoria","Vic","Inner Metropolitan","Dr Michelle Ananda-Rajah MP","Australian Labor Party",215,0.5206,-0.0206,0.0206,0.0752985242584275
"68",67,221,53.3,221,"Holt","Victoria",216,114354,36182,45249,906,"False",82337,72,0.00792276614722703,0.316403448939259,0.395692323836508,0.0110035585459757,0.439437919768755,0.549558521685269,-0.0605620802312448,0.8,33,20.2,788,221,"Victoria","Vic","Outer Metropolitan","Ms Cassandra Fernando MP","Australian Labor Party",216,0.5712,-0.0712,0.0712,-0.131762080231245
"69",68,222,43.1,222,"Hotham","Victoria",217,118012,44184,45785,1086,"False",91055,77.16,0.00920245398773006,0.374402603125106,0.387969020099651,0.0119268573938828,0.485245181483719,0.502827961122399,-0.0147548185162814,0.3,37,30.2,695,222,"Victoria","Vic","Inner Metropolitan","Hon Clare O'Neil MP","Australian Labor Party",217,0.6425,-0.1425,0.1425,-0.157254818516281
"70",69,223,82.4,223,"Indi","Victoria",218,119443,32533,65468,985,"False",98986,82.87,0.00824661135436987,0.272372596133721,0.548110814363337,0.00995090214777847,0.328662639161094,0.661386458691128,-0.171337360838906,2.1,45,17.1,736,223,"Victoria","Vic","Rural","Dr Helen Haines MP","Independent",218,0.4474,0.0526,-0.0526,-0.118737360838907
"71",70,224,64.9,224,"Isaacs","Victoria",219,113696,45628,45282,1011,"False",91921,80.85,0.00889213340838728,0.401315789473684,0.39827258654658,0.0109985748631977,0.496382763459928,0.492618661676875,-0.00361723654007245,0.5,40,30.4,891,224,"Victoria","Vic","Outer Metropolitan","Hon Mark Dreyfus KC, MP","Australian Labor Party",219,0.5685,-0.0685,0.0685,-0.0721172365400725
"72",71,225,73.8,225,"Jagajaga","Victoria",220,114706,48888,41310,919,"False",91117,79.44,0.00801178665457779,0.426202639792164,0.360138092166059,0.0100859334701538,0.536540930891052,0.453373135638794,0.0365409308910521,0.7,41,37.5,929,225,"Victoria","Vic","Outer Metropolitan","Ms Kate Thwaites MP","Australian Labor Party",220,0.6235,-0.1235,0.1235,-0.0869590691089479
"73",72,226,64,226,"Kooyong","Victoria",221,114180,50542,34280,616,"False",85438,74.83,0.00539499036608863,0.442651953056577,0.300227710632335,0.00720990659893724,0.591563472927737,0.401226620473326,0.091563472927737,0.3,40,52,1058,226,"Victoria","Vic","Inner Metropolitan","Dr Monique Ryan MP","Independent",221,0.4582,0.0418,-0.0418,0.133363472927737
"74",73,227,66.1,227,"La Trobe","Victoria",223,114818,33512,54932,823,"False",89267,77.75,0.00716786566566218,0.291870612621714,0.478426727516591,0.00921953241399397,0.375413086582948,0.615367381003058,-0.124586913417052,0.8,34,22.4,852,227,"Victoria","Vic","Provincial","Hon Jason Wood MP","Liberal Party of Australia",223,0.4131,0.0869,-0.0869,-0.0376869134170522
"75",74,228,49.4,228,"Lalor","Victoria",222,117702,41333,48865,983,"False",91181,77.47,0.00835159980289205,0.351166505242052,0.415158620924028,0.0107807547625053,0.453307158289556,0.535912086947939,-0.0466928417104441,1,32,28.9,801,228,"Victoria","Vic","Outer Metropolitan","Ms Joanne Ryan MP","Australian Labor Party",222,0.6282,-0.1282,0.1282,-0.174892841710444
"76",75,229,56.8,229,"Macnamara","Victoria",322,113613,47895,26825,670,"False",75390,66.36,0.00589721246688319,0.421562673285628,0.236108543916629,0.00888712030773312,0.635296458416236,0.355816421276031,0.135296458416236,0.4,36,50.9,1241,229,"Victoria","Vic","Inner Metropolitan","Mr Josh Burns MP","Australian Labor Party",322,0.6225,-0.1225,0.1225,0.0127964584162356
"77",76,230,80.6,230,"Mallee","Victoria",224,121723,21619,78396,770,"False",100785,82.8,0.006325838173558,0.177608175940455,0.644052479810718,0.00764002579748971,0.214506126903805,0.777853847298705,-0.285493873096195,3.2,45,11.9,662,230,"Victoria","Vic","Rural","Dr Anne Webster MP","The Nationals",224,0.3101,0.1899,-0.1899,-0.0955938730961949
"78",77,231,67.6,231,"Maribyrnong","Victoria",225,111198,40284,38411,962,"False",79657,71.64,0.00865123473443767,0.362272702746452,0.345428874620047,0.0120767791907805,0.505718267070063,0.482204953739157,0.00571826707006284,0.5,39,35.4,931,231,"Victoria","Vic","Inner Metropolitan","Hon Bill Shorten MP","Australian Labor Party",225,0.6245,-0.1245,0.1245,-0.118781732929937
"79",78,232,76.7,232,"McEwen","Victoria",226,115286,34394,52735,816,"False",87945,76.28,0.00707804937286401,0.298336311434172,0.45742761480145,0.00927852635169708,0.391085337426801,0.599636136221502,-0.108914662573199,1.2,36,23.8,881,232,"Victoria","Vic","Rural","Mr Rob Mitchell MP","Australian Labor Party",226,0.5328,-0.0328,0.0328,-0.141714662573199
"80",79,233,49.1,233,"Melbourne","Victoria",228,116178,56665,16273,534,"False",73472,63.24,0.00459639518669628,0.48774294616881,0.140069548451514,0.00726807491289199,0.77124618902439,0.221485736062718,0.27124618902439,0.6,31,54.6,1055,233,"Victoria","Vic","Inner Metropolitan","Mr Adam Bandt MP","Australian Greens",228,0.7791,-0.2791,0.2791,-0.00785381097560978
"81",80,234,54.2,234,"Menzies","Victoria",229,113175,38036,47595,884,"False",86515,76.44,0.00781091230395405,0.336081290037552,0.420543406229291,0.0102178812922615,0.439646304109114,0.550135814598624,-0.060353695890886,0.3,42,38.9,769,234,"Victoria","Vic","Outer Metropolitan","Mr Keith Wolahan MP","Liberal Party of Australia",229,0.4932,0.0068,-0.0068,-0.053553695890886
"82",81,235,80,235,"Monash","Victoria",323,113978,31695,60243,908,"False",92846,81.46,0.00796644966572497,0.278079980347085,0.528549369176508,0.0097796350946729,0.34137173383883,0.648848631066497,-0.15862826616117,1.4,46,16.1,663,235,"Victoria","Vic","Rural","Mr Russell Broadbent MP","Liberal Party of Australia",323,0.471,0.029,-0.029,-0.12962826616117
"83",82,236,79.6,236,"Nicholls","Victoria",324,115317,22723,72722,866,"False",96311,83.52,0.0075097340374793,0.197048136874875,0.630626880685415,0.00899170395904933,0.235933590140275,0.755074705900676,-0.264066409859725,3.2,43,12.9,684,236,"Victoria","Vic","Rural","Mr Sam Birrell MP","The Nationals",324,0.3285,0.1715,-0.1715,-0.0925664098597253
"84",83,237,54.4,237,"Scullin","Victoria",232,111767,29803,49870,1327,"False",81000,72.47,0.0118729141875509,0.266652947650022,0.446196104395752,0.0163827160493827,0.367938271604938,0.615679012345679,-0.132061728395062,0.9,36,22.9,694,237,"Victoria","Vic","Outer Metropolitan","Hon Andrew Giles MP","Australian Labor Party",232,0.6558,-0.1558,0.1558,-0.287861728395062
"85",84,238,83.9,238,"Wannon","Victoria",233,116846,30592,67411,943,"False",98946,84.68,0.00807045170566387,0.261814696266881,0.576921760265649,0.0095304509530451,0.309178743961353,0.681290805085602,-0.190821256038647,1.9,46,16.4,717,238,"Victoria","Vic","Rural","Hon Dan Tehan MP","Liberal Party of Australia",233,0.4093,0.0907,-0.0907,-0.100121256038647
"86",85,239,62.4,239,"Wills","Victoria",234,111191,52194,29035,1044,"False",82273,73.99,0.00938924912987562,0.469408495291885,0.261127249507604,0.0126894606979203,0.634400106960971,0.352910432341108,0.134400106960971,0.6,35,40.6,906,239,"Victoria","Vic","Inner Metropolitan","Mr Peter Khalil MP","Australian Labor Party",234,0.7577,-0.2577,0.2577,-0.123299893039029
"87",86,301,77.3,301,"Blair","Queensland",304,133540,27503,63663,917,"False",92083,68.96,0.00686685637262243,0.205953272427737,0.476733562977385,0.00995840708925643,0.298676194302966,0.691365398607778,-0.201323805697034,5.6,35,14.4,764,301,"Queensland","Qld","Provincial","Hon Shayne Neumann MP","Australian Labor Party",304,0.5523,-0.0523,0.0523,-0.253623805697034
"88",87,302,66.7,302,"Bonner","Queensland",310,111658,32947,49476,680,"False",83103,74.43,0.00609002489745473,0.295070662200648,0.443103046803632,0.00818261675270448,0.396459814928462,0.595357568318833,-0.103540185071538,2,38,32.5,907,302,"Queensland","Qld","Outer Metropolitan","Mr Ross Vasta MP","Liberal National Party of Queensland",310,0.4659,0.0341,-0.0341,-0.0694401850715378
"89",88,303,73.5,303,"Bowman","Queensland",155,119304,25447,67476,829,"False",93752,78.58,0.00694863541876215,0.213295446925501,0.565580366123516,0.00884247802713542,0.271428876183975,0.71972864578889,-0.228571123816025,2.9,43,18.4,786,303,"Queensland","Qld","Outer Metropolitan","Mr Henry Pike MP","Liberal National Party of Queensland",155,0.4449,0.0551,-0.0551,-0.173471123816025
"90",89,304,65.9,304,"Brisbane","Queensland",156,127069,44572,33911,584,"False",79067,62.22,0.00459592819649167,0.350770054065114,0.266870755258954,0.00738614086787155,0.563724436237621,0.428889422894507,0.0637244362376213,1.4,34,46.3,1140,304,"Queensland","Qld","Inner Metropolitan","Mr Stephen Bates MP","Australian Greens",156,0.544,-0.044,0.044,0.0197244362376213
"91",90,305,80.1,305,"Capricornia","Queensland",157,112614,16477,70196,626,"False",87299,77.52,0.00555881151544213,0.146313957412045,0.623332800539897,0.00717075796973619,0.188742139085213,0.804087102945051,-0.311257860914787,6.5,38,12.8,830,305,"Queensland","Qld","Provincial","Hon Michelle Landry MP","Liberal National Party of Queensland",157,0.4341,0.0659,-0.0659,-0.245357860914787
"92",91,306,77.3,306,"Dawson","Queensland",158,113963,17251,72082,924,"False",90257,79.2,0.00810789466756754,0.151373691461264,0.632503531848056,0.0102374331076814,0.191131989762567,0.798630577129752,-0.308868010237433,6.7,39,14,841,306,"Queensland","Qld","Rural","Mr Andrew Willcox MP","Liberal National Party of Queensland",158,0.3958,0.1042,-0.1042,-0.204668010237433
"93",92,307,76.8,307,"Dickson","Queensland",252,115970,29029,55220,747,"False",84996,73.29,0.0064413210313012,0.250314736569803,0.476157626972493,0.00878864887759424,0.341533719233846,0.649677631888559,-0.158466280766154,2.8,38,23.6,887,307,"Queensland","Qld","Outer Metropolitan","Hon Peter Dutton MP","Liberal National Party of Queensland",252,0.483,0.017,-0.017,-0.141466280766154
"94",93,308,63.4,308,"Fadden","Queensland",159,131723,23538,65050,990,"False",89578,68,0.00751577173310659,0.178693166721074,0.493839344685438,0.0110518207595615,0.262765411150059,0.726182768090379,-0.237234588849941,2.4,39,19,770,308,"Queensland","Qld","Outer Metropolitan","Mr Cameron Caldwell MP","Liberal National Party of Queensland",159,0.3937,0.1063,-0.1063,-0.130934588849941
"95",94,309,74,309,"Fairfax","Queensland",160,126804,32226,60663,919,"False",93808,73.98,0.0072474054446232,0.254140247941705,0.478399735024132,0.0097966058331912,0.343531468531469,0.64667192563534,-0.156468531468531,2.4,43,22.3,763,309,"Queensland","Qld","Rural","Mr Ted O'Brien MP","Liberal National Party of Queensland",160,0.4105,0.0895,-0.0895,-0.0669685314685314
"96",95,310,74.5,310,"Fisher","Queensland",161,131602,28883,63089,1045,"False",93017,70.68,0.00794060880533731,0.219472348444553,0.479392410449689,0.0112345055204963,0.310513132008128,0.678252362471376,-0.189486867991872,2.5,43,20.6,748,310,"Queensland","Qld","Rural","Mr Andrew Wallace MP","Liberal National Party of Queensland",161,0.4133,0.0867,-0.0867,-0.102786867991872
"97",96,311,79.5,311,"Flynn","Queensland",311,114729,13795,72001,494,"False",86290,75.21,0.00430579888258418,0.120239869605767,0.627574545232679,0.00572488121450921,0.159867887356588,0.834407231428902,-0.340132112643412,6.9,39,10.5,733,311,"Queensland","Qld","Rural","Mr Colin Boyce MP","Liberal National Party of Queensland",311,0.4618,0.0382,-0.0382,-0.301932112643412
"98",97,312,66.9,312,"Forde","Queensland",162,126626,22156,56238,982,"False",79376,62.69,0.00775512138107498,0.174971964683398,0.444126798603762,0.012371497681919,0.279127192098367,0.708501310219714,-0.220872807901633,3.7,35,14.5,772,312,"Queensland","Qld","Outer Metropolitan","Mr Bert van Manen MP","Liberal National Party of Queensland",162,0.4577,0.0423,-0.0423,-0.178572807901633
"99",98,313,66.1,313,"Griffith","Queensland",163,123522,48352,37716,783,"False",86851,70.31,0.00633895176567737,0.391444439047295,0.305338320299218,0.00901544023672727,0.556723584069268,0.434260975694005,0.056723584069268,1.5,34,44.2,1102,313,"Queensland","Qld","Inner Metropolitan","Mr Max Chandler-Mather MP","Australian Greens",163,0.6107,-0.1107,0.1107,-0.053976415930732
"100",99,314,80.8,314,"Groom","Queensland",164,115993,20630,65867,672,"False",87169,75.15,0.00579345305320149,0.177855560249325,0.567853232522652,0.00770916266103775,0.236666704906561,0.755624132432401,-0.263333295093439,5,38,19.6,759,314,"Queensland","Qld","Provincial","Mr Garth Hamilton MP","Liberal National Party of Queensland",164,0.3583,0.1417,-0.1417,-0.121633295093439
"101",100,315,78.6,315,"Herbert","Queensland",165,119674,21161,67511,804,"False",89476,74.77,0.00671825124922707,0.176822033190167,0.564124204087772,0.00898564978318208,0.236499172962582,0.754515177254236,-0.263500827037418,9.7,35,17.7,849,315,"Queensland","Qld","Provincial","Mr Phillip Thompson OAM, MP","Liberal National Party of Queensland",165,0.3823,0.1177,-0.1177,-0.145800827037418
"102",101,316,78.5,316,"Hinkler","Queensland",166,123110,19132,80495,731,"False",100358,81.52,0.00593777922183413,0.155405734708797,0.653846153846154,0.00728392355367783,0.190637517686682,0.802078558759641,-0.309362482313318,5,49,12.3,576,316,"Queensland","Qld","Provincial","Hon Keith Pitt MP","Liberal National Party of Queensland",166,0.3993,0.1007,-0.1007,-0.208662482313318
"103",102,317,77.2,317,"Kennedy","Queensland",167,121498,17319,72230,629,"False",90178,74.22,0.00517703995127492,0.142545556305454,0.594495382640043,0.00697509370356406,0.192053494200359,0.800971412096077,-0.307946505799641,14.8,40,11.2,718,317,"Queensland","Qld","Rural","Hon Bob Katter MP","Katter's Australian Party",167,0.3984,0.1016,-0.1016,-0.206346505799641
"104",103,318,69.1,318,"Leichhardt","Queensland",168,122291,30420,57224,766,"False",88410,72.29,0.00626374794547432,0.248750930158393,0.46793304495016,0.00866417826037779,0.34407872412623,0.647257097613392,-0.15592127587377,16.3,39,19,776,318,"Queensland","Qld","Rural","Hon Warren Entsch MP","Liberal National Party of Queensland",168,0.4656,0.0344,-0.0344,-0.12152127587377
"105",104,319,72.1,319,"Lilley","Queensland",169,115915,38967,44840,772,"False",84579,72.97,0.00666005262476815,0.336168744338524,0.386835180951559,0.0091275612149588,0.460717199304792,0.530155239480249,-0.039282800695208,2.5,37,30.8,936,319,"Queensland","Qld","Inner Metropolitan","Hon Anika Wells MP","Australian Labor Party",169,0.6054,-0.1054,0.1054,-0.144682800695208
"106",105,320,76.8,320,"Longman","Queensland",302,135744,23753,73524,1023,"False",98300,72.42,0.00753624469589816,0.174983793022159,0.541637199434229,0.0104069175991862,0.241637843336724,0.74795523906409,-0.258362156663276,4.9,39,11.8,689,320,"Queensland","Qld","Provincial","Mr Terry Young MP","Liberal National Party of Queensland",302,0.4692,0.0308,-0.0308,-0.227562156663276
"107",106,321,81.6,321,"Maranoa","Queensland",170,113380,12891,71541,536,"False",84968,74.94,0.00472746516140413,0.113697301111307,0.630984300582113,0.00630825722624988,0.151715940118633,0.841975802655117,-0.348284059881367,7.5,43,11.2,663,321,"Queensland","Qld","Rural","Hon David Littleproud MP","Liberal National Party of Queensland",170,0.2788,0.2212,-0.2212,-0.127084059881367
"108",107,322,70.2,322,"McPherson","Queensland",171,118840,29031,55346,992,"False",85369,71.84,0.00834735779198923,0.244286435543588,0.465718613261528,0.0116201431432956,0.340064894751022,0.648314962105682,-0.159935105248978,2,40,24,798,322,"Queensland","Qld","Provincial","Hon Karen Andrews MP","Liberal National Party of Queensland",171,0.4066,0.0934,-0.0934,-0.0665351052489779
"109",108,323,60.4,323,"Moncrieff","Queensland",172,124182,25031,55696,932,"False",81659,65.76,0.00750511346249859,0.201567054806655,0.448503003655924,0.0114133163521473,0.306530817178756,0.682055866469097,-0.193469182821244,1.9,40,23.9,768,323,"Queensland","Qld","Provincial","Ms Angie Bell MP","Liberal National Party of Queensland",172,0.3881,0.1119,-0.1119,-0.0815691828212445
"110",109,324,57,324,"Moreton","Queensland",173,108873,36764,38018,796,"False",75578,69.42,0.00731127093035004,0.337677844828378,0.349195852047799,0.0105321654449708,0.486437852285056,0.503029982269973,-0.0135621477149435,1.6,36,38.9,825,324,"Queensland","Qld","Inner Metropolitan","Mr Graham Perrett MP","Australian Labor Party",173,0.5909,-0.0909,0.0909,-0.104462147714944
"111",110,325,59.2,325,"Oxley","Queensland",174,118076,34318,51995,903,"False",87216,73.86,0.00764761678918663,0.290643314475423,0.440351976692977,0.010353604843148,0.393482847184003,0.596163547972849,-0.106517152815997,3.6,34,23.5,787,325,"Queensland","Qld","Outer Metropolitan","Hon Milton Dick MP","Australian Labor Party",174,0.6159,-0.1159,0.1159,-0.222417152815997
"112",111,326,68.5,326,"Petrie","Queensland",175,129444,29688,59108,798,"False",89594,69.21,0.00616482803374432,0.22935014369148,0.45662989400822,0.00890684644060986,0.331361475098779,0.659731678460611,-0.168638524901221,3.5,39,20.2,778,326,"Queensland","Qld","Outer Metropolitan","Hon Luke Howarth MP","Liberal National Party of Queensland",175,0.4556,0.0444,-0.0444,-0.124238524901221
"113",112,327,56.8,327,"Rankin","Queensland",176,112406,25961,47122,908,"False",73991,65.82,0.00807786061242283,0.230957422201662,0.419212497553511,0.01227176278196,0.350866997337514,0.636861239880526,-0.149133002662486,3.5,34,19.2,710,327,"Queensland","Qld","Outer Metropolitan","Hon Dr Jim Chalmers MP","Australian Labor Party",176,0.5909,-0.0909,0.0909,-0.240033002662486
"114",113,328,67.7,328,"Ryan","Queensland",177,113040,43549,39104,564,"False",83217,73.62,0.00498938428874735,0.385253007784855,0.345930644019816,0.00677746133602509,0.523318552699569,0.469903985964406,0.0233185526995686,1.2,36,46.5,983,328,"Queensland","Qld","Outer Metropolitan","Ms Elizabeth Watson-Brown MP","Australian Greens",177,0.5242,-0.0242,0.0242,-0.000881447300431399
"115",114,329,77.8,329,"Wide Bay","Queensland",178,119816,22490,69213,796,"False",92499,77.2,0.00664352006409828,0.187704480202978,0.577660746477933,0.00860549843782095,0.243137763651499,0.74825673791068,-0.256862236348501,4.5,49,14.5,600,329,"Queensland","Qld","Rural","Mr Llew O'Brien MP","Liberal National Party of Queensland",178,0.3866,0.1134,-0.1134,-0.143462236348501
"116",115,330,76.7,330,"Wright","Queensland",316,131045,19995,71285,823,"False",92103,70.28,0.00628028539814568,0.152581174405738,0.543973444236713,0.00893564813306841,0.21709390573597,0.773970446130962,-0.28290609426403,3.9,39,14.5,752,330,"Queensland","Qld","Rural","Hon Scott Buchholz MP","Liberal National Party of Queensland",316,0.3911,0.1089,-0.1089,-0.17400609426403
"117",116,401,59.3,401,"Adelaide","South Australia",179,130165,45303,46069,1022,"False",92394,70.98,0.00785157300349556,0.348042868666692,0.353927707140937,0.0110613243284196,0.49032404701604,0.49861462865554,-0.00967595298396001,1.4,36,37.2,810,401,"South Australia","SA","Inner Metropolitan","Mr Steve Georganas MP","Australian Labor Party",179,0.6191,-0.1191,0.1191,-0.12877595298396
"118",117,402,81.9,402,"Barker","South Australia",180,124418,23032,79818,1084,"False",103934,83.54,0.00871256570592679,0.185117908984231,0.641530968187883,0.0104296957684685,0.221602170608271,0.767968133623261,-0.278397829391729,3,45,11,682,402,"South Australia","SA","Rural","Mr Tony Pasin MP","Liberal Party of Australia",180,0.3338,0.1662,-0.1662,-0.112197829391729
"119",118,403,71.3,403,"Boothby","South Australia",182,128018,45135,48639,976,"False",94750,74.01,0.00762392788514115,0.35256760768017,0.37993875861207,0.0103007915567282,0.476358839050132,0.51334036939314,-0.0236411609498681,1,42,34.1,824,403,"South Australia","SA","Outer Metropolitan","Ms Louise Miller-Frost MP","Australian Labor Party",182,0.5328,-0.0328,0.0328,-0.0564411609498681
"120",119,404,82.2,404,"Grey","South Australia",183,126501,19756,77657,820,"False",98233,77.65,0.00648216219634627,0.15617267847685,0.61388447522154,0.00834750033084605,0.201113678702676,0.790538820966478,-0.298886321297324,7.4,45,10.1,643,404,"South Australia","SA","Rural","Mr Rowan Ramsey MP","Liberal Party of Australia",183,0.3993,0.1007,-0.1007,-0.198186321297324
"121",120,405,70.3,405,"Hindmarsh","South Australia",185,129725,37498,60661,1137,"False",99296,76.54,0.00876469454615533,0.289057621892465,0.467612256696859,0.0114506123106671,0.377638575572027,0.610910812117306,-0.122361424427973,2,42,23.8,776,405,"South Australia","SA","Inner Metropolitan","Hon Mark Butler MP","Australian Labor Party",185,0.5895,-0.0895,0.0895,-0.211861424427973
"122",121,406,74,406,"Kingston","South Australia",186,125968,33422,61711,1106,"False",96239,76.4,0.00878000762098311,0.265321351454338,0.489894258859393,0.0114922224877648,0.347281247727013,0.641226529785222,-0.152718752272987,1.9,40,16.8,723,406,"South Australia","SA","Outer Metropolitan","Hon Amanda Rishworth MP","Australian Labor Party",186,0.6635,-0.1635,0.1635,-0.316218752272987
"123",122,407,67.2,407,"Makin","South Australia",187,123221,29948,64996,1193,"False",96137,78.02,0.00968179125311432,0.243042987802404,0.527475024549387,0.0124093741223462,0.311513777213768,0.676076848663886,-0.188486222786232,1.8,39,19.3,722,407,"South Australia","SA","Outer Metropolitan","Mr Tony Zappia MP","Australian Labor Party",187,0.608,-0.108,0.108,-0.296486222786232
"124",123,408,78.1,408,"Mayo","South Australia",188,132913,41814,63075,1102,"False",105991,79.74,0.00829113781195218,0.314596766305779,0.474558545815684,0.010397109188516,0.394505193837213,0.595097696974271,-0.105494806162787,1.3,46,22.7,727,408,"South Australia","SA","Rural","Ms Rebekha Sharkie MP","Centre Alliance",188,0.5159,-0.0159,0.0159,-0.121394806162787
"125",124,409,70.2,409,"Spence","South Australia",325,133135,26340,68341,1125,"False",95806,71.96,0.00845006947834904,0.197844293386412,0.513321065084313,0.0117424795941799,0.274930588898399,0.713326931507421,-0.225069411101601,3.6,35,9.5,635,409,"South Australia","SA","Outer Metropolitan","Mr Matt Burnell MP","Australian Labor Party",325,0.629,-0.129,0.129,-0.354069411101601
"126",125,410,63.2,410,"Sturt","South Australia",190,129330,40693,55101,909,"False",96703,74.77,0.0070285316631872,0.314644707337818,0.426049640454651,0.00939991520428529,0.420803904739253,0.569796180056461,-0.0791960952607468,0.8,41,38.1,826,410,"South Australia","SA","Inner Metropolitan","Mr James Stevens MP","Liberal Party of Australia",190,0.4955,0.00450000000000003,-0.00450000000000003,-0.0746960952607468
"127",126,501,63,501,"Brand","Western Australia",235,123364,27055,61458,819,"False",89332,72.41,0.00663888978956584,0.219310333646769,0.49818423527123,0.00916804728428782,0.302858997895491,0.687972954820221,-0.197141002104509,3.1,35,13.6,792,501,"Western Australia","WA","Outer Metropolitan","Hon Madeleine King MP","Australian Labor Party",235,0.6671,-0.1671,0.1671,-0.364241002104509
"128",127,502,54.8,502,"Burt","Western Australia",317,117415,26767,54091,799,"False",81657,69.55,0.00680492271004556,0.22796916918622,0.460682195630882,0.00978483167395324,0.327797984251197,0.66241718407485,-0.172202015748803,3,35,18.9,747,502,"Western Australia","WA","Outer Metropolitan","Hon Matt Keogh MP","Australian Labor Party",317,0.6521,-0.1521,0.1521,-0.324302015748803
"129",128,503,68.6,503,"Canning","Western Australia",236,120827,20144,67003,741,"False",87888,72.74,0.00613273523301911,0.166717703824476,0.554536651576221,0.00843118514472966,0.229200801019479,0.762368013835791,-0.270799198980521,2.7,42,12.5,694,503,"Western Australia","WA","Outer Metropolitan","Hon Andrew Hastie MP","Liberal Party of Australia",236,0.4641,0.0359,-0.0359,-0.234899198980521
"130",129,504,55.1,504,"Cowan","Western Australia",237,124405,32522,56092,1111,"False",89725,72.12,0.00893050922390579,0.26142036091797,0.450882199268518,0.0123822791864029,0.362463081638339,0.625154639175258,-0.137536918361661,2.1,38,20.4,724,504,"Western Australia","WA","Inner Metropolitan","Hon Dr Anne Aly MP","Australian Labor Party",237,0.6082,-0.1082,0.1082,-0.245736918361661
"131",130,505,62.9,505,"Curtin","Western Australia",238,121532,47757,46425,777,"False",94959,78.13,0.0063933778757858,0.392958233222526,0.381998156864036,0.00818247875398856,0.50292231384071,0.488895207405301,0.00292231384071018,0.7,39,47.9,1115,505,"Western Australia","WA","Inner Metropolitan","Ms Kate Chaney MP","Independent",238,0.444,0.056,-0.056,0.0589223138407102
"132",131,506,70,506,"Durack","Western Australia",312,124218,23523,60291,641,"False",84455,67.99,0.00516028272875107,0.189368690527943,0.485364439936241,0.00758984074359126,0.278527026226985,0.713883133029424,-0.221472973773015,15.2,37,12.4,928,506,"Western Australia","WA","Rural","Hon Melissa Price MP","Liberal Party of Australia",312,0.4573,0.0427,-0.0427,-0.178772973773015
"133",132,507,74.2,507,"Forrest","Western Australia",239,117447,28837,62106,848,"False",91791,78.16,0.00722027808287994,0.245532027212274,0.528800224782242,0.00923837849026593,0.314159340240329,0.676602281269405,-0.185840659759671,2.7,42,16,759,507,"Western Australia","WA","Rural","Hon Nola Marino MP","Liberal Party of Australia",239,0.4571,0.0429,-0.0429,-0.142940659759671
"134",133,508,63.2,508,"Fremantle","Western Australia",240,120836,40733,46379,921,"False",88033,72.85,0.00762190075805224,0.337093250355854,0.383817736436161,0.0104619858462168,0.462701486942397,0.526836527211387,-0.0372985130576034,1.8,38,28.8,934,508,"Western Australia","WA","Inner Metropolitan","Mr Josh Wilson MP","Australian Labor Party",240,0.6689,-0.1689,0.1689,-0.206198513057603
"135",134,509,64.9,509,"Hasluck","Western Australia",305,123799,30310,58776,673,"False",89759,72.5,0.00543623131043062,0.244832349211221,0.474769586184056,0.00749785536826391,0.337682015173966,0.65482012945777,-0.162317984826034,3.3,37,19.4,867,509,"Western Australia","WA","Outer Metropolitan","Ms Tania Lawrence MP","Australian Labor Party",305,0.56,-0.06,0.06,-0.222317984826034
"136",135,510,60.3,510,"Moore","Western Australia",242,121039,34074,56224,781,"False",91079,75.25,0.00645246573418485,0.281512570328572,0.464511438461983,0.00857497337476257,0.374114779477157,0.61731024714808,-0.125885220522843,0.8,42,28.3,923,510,"Western Australia","WA","Outer Metropolitan","Mr Ian Goodenough MP","Liberal Party of Australia",242,0.4934,0.00659999999999997,-0.00659999999999997,-0.119285220522843
"137",136,511,72.4,511,"O'Connor","Western Australia",243,121397,21858,70032,714,"False",92604,76.28,0.00588152919759137,0.180053872830465,0.576884107515013,0.00771025009718803,0.236037320202151,0.756252429700661,-0.263962679797849,5.7,42,12.6,772,511,"Western Australia","WA","Rural","Mr Rick Wilson MP","Liberal Party of Australia",243,0.4303,0.0697,-0.0697,-0.194262679797849
"138",137,512,55.2,512,"Pearce","Western Australia",244,120252,27583,62065,814,"False",90462,75.23,0.00676911818514453,0.229376642384326,0.516124471942255,0.00899825341027172,0.304912559969932,0.686089186619796,-0.195087440030068,1.7,35,18,858,512,"Western Australia","WA","Outer Metropolitan","Ms Tracey Roberts MP","Australian Labor Party",244,0.5904,-0.0904,0.0904,-0.285487440030068
"139",138,513,57,513,"Perth","Western Australia",245,123849,51107,40362,875,"False",92344,74.56,0.00706505502668572,0.41265573399866,0.325896858270959,0.00947543966040024,0.553441479684657,0.437083080654942,0.0534414796846574,1.2,37,38.4,1017,513,"Western Australia","WA","Inner Metropolitan","Hon Patrick Gorman MP","Australian Labor Party",245,0.648,-0.148,0.148,-0.0945585203153426
"140",139,514,55.4,514,"Swan","Western Australia",247,122766,36498,47146,649,"False",84293,68.66,0.00528647997002427,0.297297297297297,0.384031409347865,0.00769933446430902,0.43298969072165,0.559310974814041,-0.0670103092783505,2.2,36,31.4,897,514,"Western Australia","WA","Inner Metropolitan","Ms Zaneta Mascarenhas MP","Australian Labor Party",247,0.5877,-0.0877,0.0877,-0.154710309278351
"141",140,515,55,515,"Tangney","Western Australia",248,123375,37667,54239,754,"False",92660,75.1,0.00611144883485309,0.305304964539007,0.439627152988855,0.00813727606302612,0.406507662421757,0.585355061515217,-0.093492337578243,1.1,40,36.4,844,515,"Western Australia","WA","Inner Metropolitan","Mr Sam Lim MP","Australian Labor Party",248,0.5238,-0.0238,0.0238,-0.117292337578243
"142",141,601,79.3,601,"Bass","Tasmania",192,80020,24937,40312,710,"False",65959,82.43,0.00887278180454886,0.311634591352162,0.503774056485879,0.0107642626480086,0.378068193878015,0.611167543473976,-0.121931806121985,4,41,20.1,675,601,"Tasmania","Tas","Provincial","Mrs Bridget Archer MP","Liberal Party of Australia",192,0.4857,0.0143,-0.0143,-0.107631806121985
"143",142,602,83.2,602,"Braddon","Tasmania",193,83583,18984,50291,827,"False",70102,83.87,0.00989435650790232,0.227127525932307,0.601689338741132,0.0117970956606088,0.270805397848849,0.717397506490542,-0.229194602151151,8.5,45,12.8,637,602,"Tasmania","Tas","Rural","Mr Gavin Pearce MP","Liberal Party of Australia",193,0.4197,0.0803,-0.0803,-0.148894602151151
"144",143,603,70.5,603,"Clark","Tasmania",319,74368,34355,25159,616,"False",60130,80.85,0.00828313253012048,0.461959444922547,0.33830410929432,0.010244470314319,0.571345418260436,0.418410111425245,0.0713454182604357,3.3,37,36.7,780,603,"Tasmania","Tas","Inner Metropolitan","Mr Andrew Wilkie MP","Independent",319,0.6724,-0.1724,0.1724,-0.101054581739564
"145",144,604,79.2,604,"Franklin","Tasmania",195,81868,33814,33593,731,"False",68138,83.23,0.00892900767088484,0.413030732398495,0.410331264963111,0.0107282280078664,0.496257594880977,0.493014177111157,-0.00374240511902318,5.3,41,26.8,775,604,"Tasmania","Tas","Outer Metropolitan","Hon Julie Collins MP","Australian Labor Party",195,0.637,-0.137,0.137,-0.140742405119023
"146",145,605,83.3,605,"Lyons","Tasmania",196,87179,22315,47495,889,"False",70699,81.1,0.0101974099267025,0.255967606877803,0.544798632698242,0.01257443528197,0.315633884496245,0.671791680221785,-0.184366115503755,5.9,44,12.9,652,605,"Tasmania","Tas","Rural","Mr Brian Mitchell MP","Australian Labor Party",196,0.5092,-0.00920000000000002,0.00920000000000002,-0.193566115503755
"147",146,701,77,701,"Lingiari","Northern Territory",306,80061,19758,25005,363,"False",45126,56.36,0.00453404279237082,0.246786825045902,0.312324352681081,0.00804414306608164,0.437840712671187,0.554115144262731,-0.0621592873288127,40.3,32,14.4,726,701,"Northern Territory","NT","Rural","Ms Marion Scrymgour MP","Australian Labor Party",306,0.5095,-0.00950000000000003,0.00950000000000003,-0.0716592873288127
"148",147,702,61.1,702,"Solomon","Northern Territory",307,72938,17955,33029,419,"False",51403,70.47,0.00574460500699224,0.246167978282925,0.452836655789849,0.00815127521739976,0.349298679065424,0.642550045717176,-0.150701320934576,10.1,34,29,1110,702,"Northern Territory","NT","Inner Metropolitan","Mr Luke Gosling OAM, MP","Australian Labor Party",307,0.5937,-0.0936999999999999,0.0936999999999999,-0.244401320934576
"149",148,801,71.8,801,"Bean","Australian Capital Territory",318,111176,51826,40864,907,"False",93597,84.19,0.0081582355904152,0.466161761531266,0.367561344175002,0.00969048153252775,0.553714328450698,0.436595190016774,0.0537143284506982,2.5,38,35.8,1183,801,"Australian Capital Territory","ACT","Inner Metropolitan","Mr David Smith MP","Australian Labor Party",318,0.6295,-0.1295,0.1295,-0.0757856715493018
"150",149,802,66.4,802,"Canberra","Australian Capital Territory",101,101798,56962,24068,608,"False",81638,80.2,0.00597261242853494,0.559559126898367,0.236429006463781,0.00744751218795169,0.697738798108724,0.294813689703324,0.197738798108724,1.4,35,52.8,1289,802,"Australian Capital Territory","ACT","Inner Metropolitan","Ms Alicia Payne MP","Australian Labor Party",101,0.7246,-0.2246,0.2246,-0.0268612018912761
"151",150,803,64.2,803,"Fenner","Australian Capital Territory",102,103863,49168,37032,719,"False",86919,83.69,0.00692258070727786,0.473392834791986,0.35654660466191,0.00827206939794521,0.565676089232504,0.426051841369551,0.0656760892325038,2.1,34,39.7,1145,803,"Australian Capital Territory","ACT","Inner Metropolitan","Hon Dr Andrew Leigh MP","Australian Labor Party",102,0.6569,-0.1569,0.1569,-0.0912239107674962
