Seat,SeatID,Enrolment,Yes,No,Informal,Complete,Votes_returned,Votes_returned_pc,Informal_pc_tot,Yes_pc_tot,No_pc_tot,Informal_pc_so_far,Yes_pc_so_far,No_pc_so_far,Yes_lead_pts_so_far,indig,age,t_ed,income,quickstats_code,STATE_NAME_2021,State_acronym,dem_rating,FullName,Party,DivisionID,Australian Labor Party Percentage,Coalition point lead,ALP margin,Swing
Braddon,193,83583.0,19388.0,51593.0,866.0,False,71847.0,85.96,0.010360958568129883,0.2319610447100487,0.6172666690594978,0.012053391234150347,0.26985121160243297,0.7180953971634167,-0.23014878839756703,8.5,45.0,12.8,637.0,602,Tasmania,Tas,Rural,Mr Gavin Pearce MP,Liberal Party of Australia,193,0.41969999999999996,0.08030000000000001,-0.08030000000000001,-0.14984878839756702
Calare,109,123089.0,29347.0,74500.0,1123.0,False,104970.0,85.28,0.009123479758548693,0.23842097994134326,0.6052531095386265,0.010698294750881205,0.2795751167000095,0.7097265885491093,-0.2204248832999905,7.8,40.0,16.8,757.0,107,New South Wales,NSW,Rural,Hon Andrew Gee MP,Independent,109,0.3455,0.15450000000000005,-0.15450000000000005,-0.06592488329999044
Riverina,250,117720.0,27840.0,71430.0,991.0,False,100261.0,85.17,0.008418280665987089,0.23649337410805302,0.6067787971457697,0.009884202232174026,0.2776752675516901,0.7124405302161358,-0.22232473244830991,7.5,40.0,14.7,734.0,139,New South Wales,NSW,Rural,Hon Michael McCormack MP,The Nationals,250,0.3515,0.1485,-0.1485,-0.07382473244830992
Whitlam,150,128715.0,38304.0,69799.0,1354.0,False,109457.0,85.04,0.010519364487433477,0.2975876937419881,0.5422755700578799,0.012370154489891007,0.3499456407539034,0.6376842047562057,-0.1500543592460966,4.2,41.0,16.6,730.0,147,New South Wales,NSW,Provincial,Hon Stephen Jones MP,Australian Labor Party,150,0.6007,-0.1007,0.1007,-0.2507543592460966
Bendigo,200,113925.0,38181.0,57683.0,979.0,False,96843.0,85.01,0.00859337283300417,0.3351415404871626,0.5063243361860873,0.010109145730718793,0.3942566834980329,0.5956341707712484,-0.10574331650196711,2.0,42.0,21.5,732.0,203,Victoria,Vic,Provincial,Ms Lisa Chesters MP,Australian Labor Party,200,0.6211,-0.1211,0.1211,-0.2268433165019671
New England,135,116060.0,24176.0,73516.0,884.0,False,98576.0,84.94,0.007616749956918835,0.20830604859555402,0.6334309839738067,0.008967700048693393,0.2452523940918682,0.7457799058594384,-0.25474760590813184,10.3,42.0,15.7,690.0,130,New South Wales,NSW,Rural,Hon Barnaby Joyce MP,The Nationals,135,0.3357,0.1643,-0.1643,-0.09044760590813183
Wannon,233,116846.0,30608.0,67453.0,946.0,False,99007.0,84.73,0.008096126525512212,0.2619516286394057,0.5772812077435256,0.009554879957982768,0.30914985809084206,0.6812952619511752,-0.19085014190915794,1.9,46.0,16.4,717.0,238,Victoria,Vic,Rural,Hon Dan Tehan MP,Liberal Party of Australia,233,0.4093,0.0907,-0.0907,-0.10015014190915794
Paterson,249,135940.0,33535.0,80260.0,1306.0,False,115101.0,84.67,0.009607179638075622,0.24668971605119905,0.5904075327350301,0.011346556502549935,0.29135281187826345,0.6973006316191867,-0.20864718812173655,7.7,40.0,13.2,722.0,136,New South Wales,NSW,Provincial,Ms Meryl Swanson MP,Australian Labor Party,249,0.5331,-0.033100000000000025,0.033100000000000025,-0.24174718812173657
Page,138,124241.0,33222.0,70717.0,1178.0,False,105117.0,84.61,0.009481572105826579,0.2673996506789224,0.5691921346415435,0.011206560308989031,0.31604783241530865,0.6727456072757023,-0.18395216758469135,6.6,46.0,15.8,635.0,133,New South Wales,NSW,Rural,Hon Kevin Hogan MP,The Nationals,138,0.3926,0.10740000000000002,-0.10740000000000002,-0.07655216758469133
Gippsland,213,117043.0,26543.0,71493.0,908.0,False,98944.0,84.54,0.007757832591440752,0.2267799014037576,0.610826790154046,0.009176908150064684,0.2682628557567917,0.7225602360931436,-0.2317371442432083,2.5,46.0,13.7,644.0,216,Victoria,Vic,Rural,Hon Darren Chester MP,The Nationals,213,0.2943,0.2057,-0.2057,-0.0260371442432083
Lyne,130,127089.0,26984.0,79444.0,999.0,False,107427.0,84.53,0.007860633099638836,0.2123236472078622,0.6251052412089166,0.009299338155212377,0.25118452530555635,0.7395161365392313,-0.24881547469444365,6.7,51.0,13.5,600.0,124,New South Wales,NSW,Rural,Hon Dr David Gillespie MP,The Nationals,130,0.36200000000000004,0.13799999999999996,-0.13799999999999996,-0.1108154746944437
Eden-Monaro,117,117428.0,38729.0,59333.0,1065.0,False,99127.0,84.42,0.009069387198964472,0.32981060735088735,0.5052713151888817,0.010743793315645586,0.390700818142383,0.5985553885419714,-0.109299181857617,3.9,43.0,22.6,873.0,113,New South Wales,NSW,Rural,Hon Kristy McBain MP,Australian Labor Party,117,0.5820000000000001,-0.08200000000000003,0.08200000000000003,-0.19129918185761702
Hughes,124,108616.0,37359.0,53217.0,897.0,False,91473.0,84.22,0.008258451793474259,0.34395485011416366,0.4899554393459527,0.009806172313141582,0.40841559804532485,0.5817782296415336,-0.09158440195467515,1.5,39.0,28.0,997.0,119,New South Wales,NSW,Outer Metropolitan,Ms Jenny Ware MP,Liberal Party of Australia,124,0.4299,0.07009999999999998,-0.07009999999999998,-0.021484401954675172
Bean,318,111176.0,51831.0,40865.0,907.0,False,93603.0,84.19,0.008158235590415197,0.4662067352666043,0.36757033892206953,0.009689860367723256,0.5537322521714048,0.436577887460872,0.05373225217140476,2.5,38.0,35.8,1183.0,801,Australian Capital Territory,ACT,Inner Metropolitan,Mr David Smith MP,Australian Labor Party,318,0.6295000000000001,-0.12950000000000006,0.12950000000000006,-0.0757677478285953
Gilmore,120,129320.0,40999.0,66602.0,1129.0,False,108730.0,84.08,0.008730281472316734,0.31703526136715127,0.5150170120630992,0.010383518808056654,0.3770716453600662,0.6125448358318771,-0.12292835463993379,5.8,49.0,18.0,655.0,116,New South Wales,NSW,Rural,Mrs Fiona Phillips MP,Australian Labor Party,120,0.5017,-0.001700000000000017,0.001700000000000017,-0.12462835463993381
Cunningham,114,118427.0,50436.0,47634.0,1169.0,False,99239.0,83.8,0.009871059808996259,0.4258826112288583,0.4022224661605884,0.011779643083868238,0.5082276121282964,0.47999274478783543,0.008227612128296369,2.7,39.0,28.2,780.0,111,New South Wales,NSW,Provincial,Ms Alison Byrnes MP,Australian Labor Party,114,0.647,-0.14700000000000005,0.14700000000000005,-0.13877238787170368
Fenner,102,103863.0,49222.0,37038.0,719.0,False,86979.0,83.74,0.006922580707277856,0.47391275045011216,0.3566043730683689,0.008266363145126984,0.5659067131146599,0.42582692374021314,0.0659067131146599,2.1,34.0,39.7,1145.0,803,Australian Capital Territory,ACT,Inner Metropolitan,Hon Dr Andrew Leigh MP,Australian Labor Party,102,0.6568999999999999,-0.15689999999999998,0.15689999999999998,-0.09099328688534009
Farrer,118,122149.0,25365.0,75878.0,1020.0,False,102263.0,83.72,0.008350457228466873,0.2076562231373159,0.6211921505702053,0.009974281998376735,0.24803692440080968,0.7419887936008136,-0.2519630755991903,4.9,42.0,14.2,744.0,114,New South Wales,NSW,Rural,Hon Sussan Ley MP,Liberal Party of Australia,118,0.33649999999999997,0.1635,-0.1635,-0.08846307559919028
Barker,180,124418.0,23073.0,79945.0,1075.0,False,104093.0,83.66,0.008640228905785337,0.18544744329598611,0.6425517208121011,0.010327303469013286,0.22165755622376143,0.7680151403072253,-0.27834244377623857,3.0,45.0,11.0,682.0,402,South Australia,SA,Rural,Mr Tony Pasin MP,Liberal Party of Australia,180,0.33380000000000004,0.1662,-0.1662,-0.11214244377623858
Cowper,113,132073.0,36413.0,72617.0,1366.0,False,110396.0,83.59,0.010342764986030453,0.27570358816714996,0.5498247181482968,0.012373636725968333,0.32983984926990106,0.6577865140041306,-0.17016015073009894,7.2,47.0,16.6,629.0,110,New South Wales,NSW,Provincial,Mr Pat Conaghan MP,The Nationals,113,0.4053,0.0947,-0.0947,-0.07546015073009893
Macquarie,133,109172.0,38787.0,51475.0,970.0,False,91232.0,83.57,0.008885062103836149,0.35528340600153885,0.4715036822628513,0.010632234303753069,0.4251468782883199,0.5642208874079271,-0.07485312171168013,3.7,42.0,25.0,838.0,127,New South Wales,NSW,Provincial,Ms Susan Templeman MP,Australian Labor Party,133,0.5777,-0.07770000000000003,0.07770000000000003,-0.15255312171168017
Nicholls,324,115317.0,22723.0,72722.0,866.0,False,96311.0,83.52,0.007509734037479296,0.19704813687487535,0.630626880685415,0.00899170395904933,0.23593359014027473,0.7550747059006759,-0.2640664098597253,3.2,43.0,12.9,684.0,236,Victoria,Vic,Rural,Mr Sam Birrell MP,The Nationals,324,0.3285,0.17149999999999999,-0.17149999999999999,-0.09256640985972531
Cook,112,111910.0,33382.0,58960.0,1014.0,False,93356.0,83.42,0.009060852470735412,0.29829327137878653,0.5268519345902958,0.010861647885513519,0.3575774454775269,0.6315609066369596,-0.1424225545224731,1.3,42.0,28.0,991.0,109,New South Wales,NSW,Inner Metropolitan,Hon Scott Morrison MP,Liberal Party of Australia,112,0.37560000000000004,0.12439999999999998,-0.12439999999999998,-0.018022554522473117
Shortland,148,117655.0,36912.0,59964.0,1102.0,False,97978.0,83.28,0.009366367770175512,0.31373082316943607,0.5096595979771366,0.01124742289085305,0.3767376349792811,0.6120149421298658,-0.12326236502071891,5.3,43.0,18.5,745.0,141,New South Wales,NSW,Provincial,Hon Pat Conroy MP,Australian Labor Party,148,0.5582,-0.0582,0.0582,-0.1814623650207189
Franklin,195,81868.0,33814.0,33593.0,731.0,False,68138.0,83.23,0.008929007670884838,0.41303073239849514,0.41033126496311134,0.01072822800786639,0.4962575948809768,0.49301417711115675,-0.0037424051190231844,5.3,41.0,26.8,775.0,604,Tasmania,Tas,Outer Metropolitan,Hon Julie Collins MP,Australian Labor Party,195,0.637,-0.13700000000000004,0.13700000000000004,-0.14074240511902322
Mackellar,132,112580.0,46395.0,46217.0,1054.0,False,93666.0,83.2,0.009362231302185112,0.4121069461716113,0.4105258482856635,0.011252749129887045,0.49532381013387994,0.493423440736233,-0.004676189866120062,0.7,43.0,32.9,1018.0,126,New South Wales,NSW,Outer Metropolitan,Dr Sophie Scamps MP,Independent,132,0.414,0.08600000000000002,-0.08600000000000002,0.08132381013387996
Hunter,126,132346.0,31120.0,77785.0,1178.0,False,110083.0,83.18,0.008900911247789883,0.23514122073957655,0.5877397125715926,0.010701016505727497,0.2826957840901865,0.706603199404086,-0.21730421590981353,8.0,40.0,13.2,730.0,121,New South Wales,NSW,Rural,Mr Dan Repacholi MP,Australian Labor Party,126,0.5403,-0.04030000000000001,0.04030000000000001,-0.2576042159098135
Monash,323,113978.0,31477.0,62385.0,923.0,False,94785.0,83.16,0.008098054010423064,0.27616733053747217,0.5473424695993964,0.009737827715355805,0.3320884106134937,0.6581737616711505,-0.1679115893865063,1.4,46.0,16.1,663.0,235,Victoria,Vic,Rural,Mr Russell Broadbent MP,Liberal Party of Australia,323,0.47100000000000003,0.028999999999999984,-0.028999999999999984,-0.13891158938650633
Berowra,106,107219.0,40991.0,46890.0,1001.0,False,88882.0,82.9,0.00933603186002481,0.38231097100327366,0.43732920471185144,0.011262122814518126,0.4611844917981143,0.5275533853873675,-0.03881550820188567,0.7,43.0,40.9,960.0,104,New South Wales,NSW,Outer Metropolitan,Mr Julian Leeser MP,Liberal Party of Australia,106,0.4023,0.09770000000000004,-0.09770000000000004,0.05888449179811436
Indi,218,119443.0,31526.0,66478.0,985.0,False,98989.0,82.88,0.008246611354369866,0.26394179650544614,0.5565667305744163,0.009950600571780703,0.31847983109234357,0.6715695683358757,-0.18152016890765643,2.1,45.0,17.1,736.0,223,Victoria,Vic,Rural,Dr Helen Haines MP,Independent,218,0.4474,0.05259999999999998,-0.05259999999999998,-0.12892016890765645
Aston,197,111395.0,38350.0,52958.0,996.0,False,92304.0,82.86,0.008941155348085641,0.3442703891557072,0.47540733426096327,0.01079043161726469,0.4154749523314266,0.5737346160513087,-0.08452504766857338,0.6,40.0,28.0,797.0,201,Victoria,Vic,Outer Metropolitan,Ms Mary Doyle MP,Australian Labor Party,197,0.4719,0.028100000000000024,-0.028100000000000024,-0.056425047668573355
Ballarat,198,113572.0,38648.0,54432.0,980.0,False,94060.0,82.82,0.008628887401824393,0.340295143169091,0.47927306026133204,0.010418881564958538,0.4108866680842016,0.5786944503508399,-0.0891133319157984,1.7,41.0,22.4,734.0,202,Victoria,Vic,Provincial,Hon Catherine King MP,Australian Labor Party,198,0.6297,-0.1297,0.1297,-0.2188133319157984
Mallee,224,121723.0,21619.0,78396.0,770.0,False,100785.0,82.8,0.006325838173557996,0.17760817594045497,0.6440524798107178,0.007640025797489706,0.21450612690380513,0.7778538472987052,-0.2854938730961949,3.2,45.0,11.9,662.0,230,Victoria,Vic,Rural,Dr Anne Webster MP,The Nationals,224,0.31010000000000004,0.18989999999999999,-0.18989999999999999,-0.09559387309619491
Corangamite,328,117562.0,45741.0,50534.0,912.0,False,97187.0,82.67,0.007757608751127065,0.3890798046987972,0.42984978139194635,0.009383971107246853,0.4706493666848447,0.5199666622079084,-0.029350633315155306,1.0,40.0,26.2,812.0,209,Victoria,Vic,Provincial,Ms Libby Coker MP,Australian Labor Party,328,0.5760000000000001,-0.07600000000000001,0.07600000000000001,-0.10535063331515532
Robertson,146,113382.0,39344.0,53250.0,1023.0,False,93617.0,82.57,0.009022596179287717,0.3470039336049814,0.4696512673969413,0.010927502483523291,0.42026555006035227,0.5688069474561244,-0.07973444993964773,3.5,44.0,22.4,761.0,140,New South Wales,NSW,Provincial,Dr Gordon Reid MP,Australian Labor Party,146,0.5226,-0.02259999999999998,0.02259999999999998,-0.10233444993964771
Casey,204,116043.0,39751.0,55011.0,1009.0,False,95771.0,82.53,0.008695052695983385,0.3425540532388856,0.4740570305834906,0.010535548339267628,0.41506301490012637,0.5744014367606061,-0.08493698509987363,1.1,40.0,21.4,809.0,206,Victoria,Vic,Rural,Mr Aaron Violi MP,Liberal Party of Australia,204,0.4852,0.01479999999999997,-0.01479999999999997,-0.07013698509987366
Hume,125,126270.0,26855.0,76354.0,958.0,False,104167.0,82.5,0.0075869169240516355,0.2126791795359151,0.6046883661994139,0.009196770570334176,0.2578071750170399,0.7329960544126258,-0.24219282498296008,4.2,38.0,16.4,855.0,120,New South Wales,NSW,Provincial,Hon Angus Taylor MP,Liberal Party of Australia,125,0.4228,0.07719999999999999,-0.07719999999999999,-0.16499282498296008
Bass,192,80020.0,24937.0,40312.0,710.0,False,65959.0,82.43,0.008872781804548863,0.311634591352162,0.5037740564858786,0.010764262648008612,0.37806819387801516,0.6111675434739763,-0.12193180612198484,4.0,41.0,20.1,675.0,601,Tasmania,Tas,Provincial,Mrs Bridget Archer MP,Liberal Party of Australia,192,0.4857,0.014299999999999995,-0.014299999999999995,-0.10763180612198485
Banks,103,108862.0,33854.0,54457.0,1406.0,False,89717.0,82.41,0.012915434219470522,0.3109808748691003,0.5002388344877,0.015671500384542507,0.37734208678399855,0.6069864128314589,-0.12265791321600145,1.0,39.0,30.2,782.0,101,New South Wales,NSW,Inner Metropolitan,Hon David Coleman MP,Liberal Party of Australia,103,0.46799999999999997,0.03200000000000003,-0.03200000000000003,-0.09065791321600142
Flinders,211,115153.0,39527.0,54342.0,959.0,False,94828.0,82.35,0.008328050506717151,0.3432563632732104,0.4719112832492423,0.010113046779432235,0.41682836293077996,0.5730585902897878,-0.08317163706922004,1.1,48.0,20.0,745.0,213,Victoria,Vic,Rural,Ms Zoe McKenzie MP,Liberal Party of Australia,211,0.433,0.06700000000000003,-0.06700000000000003,-0.016171637069220007
Newcastle,136,123715.0,53332.0,47245.0,1139.0,False,101716.0,82.22,0.009206644303439357,0.4310875803257487,0.3818857858788344,0.011197844980140785,0.5243226237760038,0.46447953124385544,0.024322623776003804,4.2,37.0,29.2,867.0,131,New South Wales,NSW,Provincial,Ms Sharon Claydon MP,Australian Labor Party,136,0.6798000000000001,-0.17980000000000004,0.17980000000000004,-0.15547737622399624
Bradfield,108,109603.0,45730.0,43275.0,813.0,False,89818.0,81.95,0.007417680172987965,0.4172331049332591,0.3948340830086768,0.009051637756351734,0.5091407067625643,0.48180765548108395,0.009140706762564288,0.3,41.0,52.7,1062.0,106,New South Wales,NSW,Inner Metropolitan,Hon Paul Fletcher MP,Liberal Party of Australia,108,0.43450000000000005,0.06549999999999997,-0.06549999999999997,0.07464070676256426
Corio,208,114366.0,41825.0,50917.0,974.0,False,93716.0,81.94,0.00851651714670444,0.3657118374342025,0.4452109892800308,0.010393102565196977,0.4462951897221392,0.5433117077126638,-0.05370481027786078,1.5,39.0,24.1,763.0,210,Victoria,Vic,Provincial,Hon Richard Marles MP,Australian Labor Party,208,0.6284000000000001,-0.12840000000000004,0.12840000000000004,-0.18210481027786082
Mayo,188,132913.0,42705.0,64789.0,1140.0,False,108634.0,81.73,0.008577039115812599,0.32130039950945355,0.48745419936349343,0.010493952169670638,0.393108971408583,0.5963970764217464,-0.10689102859141703,1.3,46.0,22.7,727.0,408,South Australia,SA,Rural,Ms Rebekha Sharkie MP,Centre Alliance,188,0.5159,-0.015900000000000036,0.015900000000000036,-0.12279102859141706
Richmond,145,123584.0,42993.0,56499.0,1407.0,False,100899.0,81.64,0.011384968928016572,0.34788483946141896,0.4571708311755567,0.013944637707013945,0.4260993666934261,0.55995599559956,-0.07390063330657393,3.7,46.0,21.6,699.0,138,New South Wales,NSW,Rural,Hon Justine Elliot MP,Australian Labor Party,145,0.5822999999999999,-0.08229999999999997,0.08229999999999997,-0.1562006333065739
Lindsay,128,128298.0,31637.0,71797.0,1291.0,False,104725.0,81.63,0.010062510717236434,0.2465899702255686,0.559611217633946,0.01232752446884698,0.302095965624254,0.685576509906899,-0.197904034375746,5.3,35.0,17.7,866.0,123,New South Wales,NSW,Outer Metropolitan,Mrs Melissa McIntosh MP,Liberal Party of Australia,128,0.4366,0.06340000000000004,-0.06340000000000004,-0.13450403437574596
Werriwa,153,133104.0,41727.0,64982.0,1841.0,False,108550.0,81.55,0.013831289818487798,0.31349170573386226,0.4882047121048203,0.016959926301243666,0.3844035006909258,0.5986365730078305,-0.11559649930907417,1.8,34.0,20.0,671.0,146,New South Wales,NSW,Outer Metropolitan,Ms Anne Stanley MP,Australian Labor Party,153,0.5582,-0.0582,0.0582,-0.17379649930907418
Hinkler,166,123110.0,19132.0,80495.0,731.0,False,100358.0,81.52,0.0059377792218341325,0.155405734708797,0.6538461538461539,0.007283923553677833,0.1906375176866817,0.8020785587596405,-0.3093624823133183,5.0,49.0,12.3,576.0,316,Queensland,Qld,Provincial,Hon Keith Pitt MP,Liberal National Party of Queensland,166,0.3993,0.1007,-0.1007,-0.2086624823133183
Jagajaga,220,114706.0,49797.0,42387.0,930.0,False,93114.0,81.18,0.008107683992118982,0.43412724704897737,0.3695273133053197,0.009987756943102003,0.5347960564469361,0.455216186609962,0.03479605644693606,0.7,41.0,37.5,929.0,225,Victoria,Vic,Outer Metropolitan,Ms Kate Thwaites MP,Australian Labor Party,220,0.6235,-0.1235,0.1235,-0.08870394355306394
Dobell,115,120355.0,33858.0,62608.0,1195.0,False,97661.0,81.14,0.009928960159528063,0.2813177682688713,0.5201944248265548,0.01223620483099702,0.3466890570442654,0.6410747381247376,-0.1533109429557346,5.8,41.0,15.2,718.0,112,New South Wales,NSW,Provincial,Hon Emma McBride MP,Australian Labor Party,115,0.5652,-0.06520000000000004,0.06520000000000004,-0.21851094295573464
Goldstein,214,111856.0,50319.0,39687.0,725.0,False,90731.0,81.11,0.006481547704191103,0.4498551709340581,0.35480439136032044,0.007990653690579845,0.5545954524914307,0.43741389381798945,0.05459545249143072,0.2,43.0,44.8,1068.0,217,Victoria,Vic,Inner Metropolitan,Ms Zoe Daniel MP,Independent,214,0.452,0.04799999999999997,-0.04799999999999997,0.10259545249143069
Lyons,196,87179.0,22315.0,47495.0,889.0,False,70699.0,81.1,0.010197409926702532,0.2559676068778031,0.5447986326982416,0.012574435281970041,0.31563388449624463,0.6717916802217854,-0.18436611550375537,5.9,44.0,12.9,652.0,605,Tasmania,Tas,Rural,Mr Brian Mitchell MP,Australian Labor Party,196,0.5092,-0.009200000000000015,0.009200000000000015,-0.19356611550375538
Isaacs,219,113696.0,45770.0,45382.0,1017.0,False,92169.0,81.07,0.008944905713481565,0.4025647340275823,0.39915212496481844,0.011034078703251635,0.49658778982087254,0.49237813147587584,-0.0034122101791274617,0.5,40.0,30.4,891.0,224,Victoria,Vic,Outer Metropolitan,"Hon Mark Dreyfus KC, MP",Australian Labor Party,219,0.5685,-0.06850000000000002,0.06850000000000002,-0.07191221017912748
Parkes,139,110985.0,18336.0,70616.0,958.0,False,89910.0,81.01,0.008631797089696806,0.165211515069604,0.6362661620939767,0.010655099543988434,0.20393727060393727,0.7854076298520744,-0.2960627293960627,16.4,39.0,13.1,753.0,134,New South Wales,NSW,Rural,Hon Mark Coulton MP,The Nationals,139,0.32159999999999994,0.17840000000000003,-0.17840000000000003,-0.11766272939606268
Clark,319,74368.0,34355.0,25159.0,616.0,False,60130.0,80.85,0.008283132530120483,0.4619594449225473,0.33830410929432014,0.010244470314318976,0.5713454182604357,0.4184101114252453,0.07134541826043572,3.3,37.0,36.7,780.0,603,Tasmania,Tas,Inner Metropolitan,Mr Andrew Wilkie MP,Independent,319,0.6724,-0.17239999999999994,0.17239999999999994,-0.10105458173956422
Greenway,122,126428.0,43028.0,57442.0,1141.0,False,101611.0,80.37,0.009024899547568577,0.34033600151865095,0.45434555636409657,0.01122909921169952,0.42345809016740316,0.5653128106208973,-0.07654190983259684,1.6,35.0,35.0,931.0,118,New South Wales,NSW,Outer Metropolitan,Hon Michelle Rowland MP,Australian Labor Party,122,0.6153,-0.1153,0.1153,-0.19184190983259686
Canberra,101,101798.0,57044.0,24099.0,612.0,False,81755.0,80.31,0.00601190593135425,0.5603646437061632,0.23673353111063086,0.007485780686196563,0.6977432572931319,0.29477096202067155,0.1977432572931319,1.4,35.0,52.8,1289.0,802,Australian Capital Territory,ACT,Inner Metropolitan,Ms Alicia Payne MP,Australian Labor Party,101,0.7245999999999999,-0.22459999999999997,0.22459999999999997,-0.026856742706868053
Warringah,151,106766.0,49952.0,34981.0,803.0,False,85736.0,80.3,0.007521120956109623,0.4678643013693498,0.3276417586122923,0.009365960623308762,0.5826257348138472,0.4080083045628441,0.08262573481384716,0.5,40.0,47.9,1330.0,143,New South Wales,NSW,Inner Metropolitan,"Ms Zali Steggall OAM, MP",Independent,151,0.4857,0.014299999999999995,-0.014299999999999995,0.09692573481384716
Forrest,239,117447.0,28345.0,65051.0,873.0,False,94269.0,80.27,0.007433140054662954,0.2413429036075847,0.5538753650582816,0.00926073258441269,0.3006820906130329,0.6900571768025544,-0.19931790938696708,2.7,42.0,16.0,759.0,507,Western Australia,WA,Rural,Hon Nola Marino MP,Liberal Party of Australia,239,0.4571,0.042899999999999994,-0.042899999999999994,-0.1564179093869671
Macarthur,131,141022.0,38812.0,72661.0,1564.0,False,113037.0,80.16,0.011090468153905065,0.275219469302662,0.5152458481655344,0.013836177534789494,0.34335660005131063,0.6428072224138999,-0.15664339994868937,3.8,34.0,20.4,806.0,125,New South Wales,NSW,Outer Metropolitan,Dr Mike Freelander MP,Australian Labor Party,131,0.5853,-0.08530000000000001,0.08530000000000001,-0.24194339994868938
Kingston,186,125968.0,34781.0,64808.0,1149.0,False,100738.0,79.97,0.00912136415597612,0.27610980566493076,0.5144798679029595,0.011405825011415752,0.34526196668585835,0.6433322083027259,-0.15473803331414165,1.9,40.0,16.8,723.0,406,South Australia,SA,Outer Metropolitan,Hon Amanda Rishworth MP,Australian Labor Party,186,0.6635,-0.16349999999999995,0.16349999999999995,-0.3182380333141416
Grayndler,121,111419.0,65474.0,22691.0,766.0,False,88931.0,79.82,0.006874949514894228,0.5876376560550713,0.20365467290139025,0.008613419392562773,0.7362337092802285,0.2551528713272087,0.23623370928022847,1.2,38.0,49.3,1254.0,117,New South Wales,NSW,Inner Metropolitan,Hon Anthony Albanese MP,Australian Labor Party,121,0.7885,-0.2884999999999999,0.2884999999999999,-0.05226629071977146
Bennelong,105,117287.0,44232.0,48177.0,1089.0,False,93498.0,79.72,0.009284916486908183,0.3771261947189373,0.41076163598693805,0.011647307963806712,0.47307963806712444,0.5152730539690689,-0.02692036193287556,0.5,37.0,46.9,942.0,103,New South Wales,NSW,Inner Metropolitan,Mr Jerome Laxale MP,Australian Labor Party,105,0.5097999999999999,-0.009799999999999968,0.009799999999999968,-0.03672036193287553
Makin,187,123221.0,30452.0,66476.0,1207.0,False,98135.0,79.64,0.00979540825021709,0.2471331996981034,0.5394859642431079,0.012299383502318234,0.3103072298364498,0.6773933866612319,-0.18969277016355018,1.8,39.0,19.3,722.0,407,South Australia,SA,Outer Metropolitan,Mr Tony Zappia MP,Australian Labor Party,187,0.608,-0.10799999999999996,0.10799999999999996,-0.2976927701635501
Grey,183,126501.0,21593.0,78300.0,856.0,False,100749.0,79.64,0.006766744926917574,0.17069430281183548,0.6189674389925771,0.00849636224677168,0.21432470793754776,0.7771789298156806,-0.28567529206245224,7.4,45.0,10.1,643.0,404,South Australia,SA,Rural,Mr Rowan Ramsey MP,Liberal Party of Australia,183,0.3993,0.1007,-0.1007,-0.18497529206245222
Mitchell,134,128016.0,41251.0,59595.0,918.0,False,101764.0,79.49,0.007170978627671541,0.3222331583552056,0.46552774653168355,0.009020871821076215,0.40535945914075705,0.5856196690381668,-0.09464054085924295,0.6,38.0,40.8,1026.0,129,New South Wales,NSW,Outer Metropolitan,Hon Alex Hawke MP,Liberal Party of Australia,134,0.3931,0.10689999999999998,-0.10689999999999998,0.012259459140757031
La Trobe,223,114818.0,34177.0,56251.0,837.0,False,91265.0,79.49,0.00728979776690066,0.29766238743054224,0.489914473340417,0.00917109516243905,0.3744809072481236,0.6163479975894374,-0.1255190927518764,0.8,34.0,22.4,852.0,227,Victoria,Vic,Provincial,Hon Jason Wood MP,Liberal Party of Australia,223,0.4131,0.08689999999999998,-0.08689999999999998,-0.038619092751876416
Moore,242,121039.0,35598.0,59590.0,804.0,False,95992.0,79.31,0.006642487132246631,0.29410355340014377,0.4923206569783293,0.008375697974831236,0.3708434036169681,0.6207808984082007,-0.1291565963830319,0.8,42.0,28.3,923.0,510,Western Australia,WA,Outer Metropolitan,Mr Ian Goodenough MP,Liberal Party of Australia,242,0.49340000000000006,0.006599999999999966,-0.006599999999999966,-0.12255659638303193
Boothby,182,128018.0,47778.0,52696.0,1057.0,False,101531.0,79.31,0.008256651408395694,0.37321314190192006,0.41162961458544894,0.010410613507204696,0.470575489259438,0.5190138972333573,-0.029424510740562015,1.0,42.0,34.1,824.0,403,South Australia,SA,Outer Metropolitan,Ms Louise Miller-Frost MP,Australian Labor Party,182,0.5328,-0.03280000000000001,0.03280000000000001,-0.062224510740562025
Dunkley,210,113209.0,38729.0,50079.0,916.0,False,89724.0,79.26,0.008091229495888136,0.3421017763605367,0.4423588230617707,0.010209085640408363,0.43164593642726584,0.5581449779323258,-0.06835406357273416,1.2,40.0,20.5,819.0,212,Victoria,Vic,Outer Metropolitan,Ms Peta Murphy MP,Australian Labor Party,210,0.5627,-0.06270000000000003,0.06270000000000003,-0.1310540635727342
Fowler,119,112730.0,34671.0,52782.0,1883.0,False,89336.0,79.25,0.01670362813802892,0.30755788166415327,0.4682160915461723,0.02107772902301424,0.3880966239813737,0.590825646995612,-0.11190337601862632,0.9,38.0,15.6,521.0,115,New South Wales,NSW,Outer Metropolitan,Ms Dai Le MP,Independent,119,0.5572,-0.05719999999999999,0.05719999999999999,-0.1691033760186263
Dawson,158,113963.0,17253.0,72083.0,924.0,False,90260.0,79.2,0.008107894667567544,0.15139124101682125,0.6325123066258347,0.010237092842898294,0.19114779525814315,0.7986151118989586,-0.3088522047418568,6.7,39.0,14.0,841.0,306,Queensland,Qld,Rural,Mr Andrew Willcox MP,Liberal National Party of Queensland,158,0.3958,0.10420000000000001,-0.10420000000000001,-0.2046522047418568
North Sydney,137,113147.0,52478.0,36036.0,801.0,False,89315.0,78.94,0.007079286238256427,0.4638037243585778,0.31848833817953637,0.008968258411241112,0.5875608800313498,0.4034708615574092,0.08756088003134976,0.4,39.0,55.7,1402.0,132,New South Wales,NSW,Inner Metropolitan,Ms Kylea Tink MP,Independent,137,0.4874,0.01259999999999998,-0.01259999999999998,0.10016088003134974
Ryan,177,113040.0,46095.0,42529.0,592.0,False,89216.0,78.92,0.005237084217975938,0.407776008492569,0.3762296532200991,0.00663558106169297,0.5166674139167863,0.4766970050215208,0.016667413916786278,1.2,36.0,46.5,983.0,328,Queensland,Qld,Outer Metropolitan,Ms Elizabeth Watson-Brown MP,Australian Greens,177,0.5242,-0.024200000000000017,0.024200000000000017,-0.007532586083213739
Kingsford Smith,127,115849.0,49459.0,40826.0,1028.0,False,91313.0,78.82,0.00887361997082409,0.42692643009434694,0.35240701257671625,0.011257980791344059,0.5416424824504725,0.44709953675818337,0.04164248245047253,1.9,36.0,40.2,1042.0,122,New South Wales,NSW,Inner Metropolitan,Hon Matt Thistlethwaite MP,Australian Labor Party,127,0.645,-0.145,0.145,-0.10335751754952746
Bowman,155,119304.0,25447.0,67476.0,829.0,False,93752.0,78.58,0.006948635418762154,0.21329544692550123,0.5655803661235164,0.008842478027135421,0.27142887618397477,0.7197286457888898,-0.22857112381602523,2.9,43.0,18.4,786.0,303,Queensland,Qld,Outer Metropolitan,Mr Henry Pike MP,Liberal National Party of Queensland,155,0.4449,0.05509999999999998,-0.05509999999999998,-0.17347112381602525
Gellibrand,212,113825.0,46579.0,41859.0,905.0,False,89343.0,78.49,0.00795080166922908,0.4092159016033385,0.3677487370964199,0.010129500912214724,0.5213503016464637,0.4685201974413217,0.021350301646463676,0.7,35.0,36.2,936.0,215,Victoria,Vic,Inner Metropolitan,Hon Tim Watts MP,Australian Labor Party,212,0.6154,-0.11539999999999999,0.11539999999999999,-0.09404969835353631
Chifley,111,127433.0,39297.0,58823.0,1558.0,False,99678.0,78.22,0.012226032503354705,0.3083738121208792,0.4615994287194055,0.015630329661510064,0.3942394510323241,0.5901302193061658,-0.1057605489676759,4.2,34.0,24.7,749.0,108,New South Wales,NSW,Outer Metropolitan,Hon Ed Husic MP,Australian Labor Party,111,0.6347,-0.13470000000000001,0.13470000000000001,-0.2404605489676759
Hindmarsh,185,129725.0,38208.0,62104.0,1155.0,False,101467.0,78.22,0.008903449604933514,0.29453073809982655,0.4787357872422432,0.01138301122532449,0.3765559245863187,0.6120610641883568,-0.1234440754136813,2.0,42.0,23.8,776.0,405,South Australia,SA,Inner Metropolitan,Hon Mark Butler MP,Australian Labor Party,185,0.5895,-0.08950000000000002,0.08950000000000002,-0.21294407541368132
McMahon,315,111600.0,29946.0,55626.0,1628.0,False,87200.0,78.14,0.014587813620071685,0.2683333333333333,0.49844086021505374,0.0186697247706422,0.34341743119266055,0.6379128440366972,-0.15658256880733945,1.3,36.0,16.7,602.0,128,New South Wales,NSW,Outer Metropolitan,Hon Chris Bowen MP,Australian Labor Party,315,0.5949,-0.09490000000000003,0.09490000000000003,-0.2514825688073395
Curtin,238,121532.0,47757.0,46425.0,777.0,False,94959.0,78.13,0.006393377875785801,0.39295823322252577,0.3819981568640358,0.008182478753988564,0.5029223138407102,0.48889520740530124,0.002922313840710178,0.7,39.0,47.9,1115.0,505,Western Australia,WA,Inner Metropolitan,Ms Kate Chaney MP,Independent,238,0.444,0.056000000000000015,-0.056000000000000015,0.05892231384071019
McEwen,226,115286.0,35090.0,54127.0,829.0,False,90046.0,78.11,0.007190812414343459,0.30437347119337993,0.46950193431986537,0.009206405614907936,0.3896897141461031,0.601103880238989,-0.1103102858538969,1.2,36.0,23.8,881.0,232,Victoria,Vic,Rural,Mr Rob Mitchell MP,Australian Labor Party,226,0.5328,-0.03280000000000001,0.03280000000000001,-0.1431102858538969
Wide Bay,178,119816.0,22788.0,69697.0,820.0,False,93305.0,77.87,0.0068438272017092875,0.19019162716164786,0.5817002737530881,0.008788382187449761,0.24423128449707948,0.7469803333154708,-0.2557687155029205,4.5,49.0,14.5,600.0,329,Queensland,Qld,Rural,Mr Llew O'Brien MP,Liberal National Party of Queensland,178,0.38659999999999994,0.11340000000000003,-0.11340000000000003,-0.1423687155029205
Hawke,326,111971.0,30365.0,55724.0,1003.0,False,87092.0,77.78,0.008957676541247288,0.27118628930705274,0.4976645738628752,0.01151655720387636,0.34865429660588804,0.6398291461902356,-0.15134570339411196,1.5,35.0,17.5,777.0,219,Victoria,Vic,Provincial,Mr Sam Rae MP,Australian Labor Party,326,0.5763,-0.07630000000000002,0.07630000000000002,-0.227645703394112
Capricornia,157,112614.0,16502.0,70379.0,626.0,False,87507.0,77.71,0.005558811515442129,0.14653595467703837,0.6249578205196512,0.0071537134172123375,0.18857919937833545,0.8042670872044522,-0.31142080062166455,6.5,38.0,12.8,830.0,305,Queensland,Qld,Provincial,Hon Michelle Landry MP,Liberal National Party of Queensland,157,0.4341,0.06590000000000003,-0.06590000000000003,-0.24552080062166454
Lalor,222,117702.0,41333.0,48865.0,983.0,False,91181.0,77.47,0.00835159980289205,0.35116650524205195,0.4151586209240285,0.010780754762505347,0.4533071582895559,0.5359120869479387,-0.04669284171044408,1.0,32.0,28.9,801.0,228,Victoria,Vic,Outer Metropolitan,Ms Joanne Ryan MP,Australian Labor Party,222,0.6282,-0.1282,0.1282,-0.17489284171044409
Reid,144,116666.0,41801.0,47498.0,954.0,False,90253.0,77.36,0.008177189583940479,0.35829633312190357,0.4071280407316613,0.010570285752274162,0.4631535793824028,0.526276134865323,-0.036846420617597186,0.6,35.0,43.6,958.0,137,New South Wales,NSW,Inner Metropolitan,Ms Sally Sitou MP,Australian Labor Party,144,0.5519,-0.051899999999999974,0.051899999999999974,-0.08874642061759716
Cooper,320,111892.0,55652.0,29946.0,875.0,False,86473.0,77.28,0.007820040753583814,0.4973724663067958,0.2676330747506524,0.010118765394978779,0.6435766077272674,0.34630462687775376,0.14357660772726744,1.0,37.0,40.0,888.0,208,Victoria,Vic,Inner Metropolitan,Hon Ged Kearney MP,Australian Labor Party,320,0.7545999999999999,-0.2546,0.2546,-0.11102339227273256
Hotham,217,118012.0,44185.0,45784.0,1086.0,False,91055.0,77.16,0.009202453987730062,0.3744110768396434,0.3879605463851134,0.011926857393882818,0.4852561638570095,0.5028169787491077,-0.014743836142990518,0.3,37.0,30.2,695.0,222,Victoria,Vic,Inner Metropolitan,Hon Clare O'Neil MP,Australian Labor Party,217,0.6425,-0.1425,0.1425,-0.1572438361429905
Fairfax,160,126804.0,33360.0,63513.0,936.0,False,97809.0,77.13,0.007381470616068894,0.2630831834957888,0.5008753667076749,0.009569671502622458,0.3410729074011594,0.6493574210962182,-0.15892709259884058,2.4,43.0,22.3,763.0,309,Queensland,Qld,Rural,Mr Ted O'Brien MP,Liberal National Party of Queensland,160,0.4105,0.08950000000000002,-0.08950000000000002,-0.06942709259884056
Sturt,190,129330.0,41644.0,56768.0,950.0,False,99362.0,76.83,0.007345550143044924,0.32199798963890824,0.4389391479161834,0.009560999174734809,0.41911394698174353,0.5713250538435216,-0.08088605301825647,0.8,41.0,38.1,826.0,410,South Australia,SA,Inner Metropolitan,Mr James Stevens MP,Liberal Party of Australia,190,0.4955,0.004500000000000028,-0.004500000000000028,-0.07638605301825643
Lilley,169,115915.0,40836.0,47414.0,805.0,False,89055.0,76.83,0.006944743993443471,0.3522926282189535,0.4090411077082345,0.00903935770029757,0.458548088260064,0.5324125540396384,-0.04145191173993601,2.5,37.0,30.8,936.0,319,Queensland,Qld,Inner Metropolitan,Hon Anika Wells MP,Australian Labor Party,169,0.6053999999999999,-0.1054,0.1054,-0.146851911739936
Dickson,252,115970.0,30079.0,58156.0,761.0,False,88996.0,76.74,0.006562041907389842,0.2593688022764508,0.5014745192722255,0.008550946109937525,0.33798148231381187,0.6534675715762506,-0.16201851768618813,2.8,38.0,23.6,887.0,307,Queensland,Qld,Outer Metropolitan,Hon Peter Dutton MP,Liberal National Party of Queensland,252,0.483,0.01700000000000003,-0.01700000000000003,-0.14501851768618812
Tangney,248,123375.0,39037.0,54860.0,762.0,False,94659.0,76.72,0.00617629179331307,0.31640932117527865,0.44466058763931104,0.008049947707032611,0.41239607432996334,0.579553977963004,-0.08760392567003666,1.1,40.0,36.4,844.0,515,Western Australia,WA,Inner Metropolitan,Mr Sam Lim MP,Australian Labor Party,248,0.5238,-0.023800000000000026,0.023800000000000026,-0.1114039256700367
Gorton,309,119826.0,34696.0,56094.0,1131.0,False,91921.0,76.71,0.009438686094837515,0.28955318545223907,0.4681287867407741,0.01230404368969006,0.37745455336647776,0.6102414029438322,-0.12254544663352224,0.6,35.0,23.0,742.0,218,Victoria,Vic,Outer Metropolitan,Hon Brendan O'Connor MP,Australian Labor Party,309,0.5997,-0.09970000000000001,0.09970000000000001,-0.22224544663352225
Pearce,244,120252.0,28054.0,63266.0,825.0,False,92145.0,76.63,0.006860592755214051,0.233293417157303,0.526111831819845,0.008953280156275436,0.30445493515654676,0.6865917846871779,-0.19554506484345324,1.7,35.0,18.0,858.0,512,Western Australia,WA,Outer Metropolitan,Ms Tracey Roberts MP,Australian Labor Party,244,0.5904,-0.0904,0.0904,-0.2859450648434532
Kooyong,221,114180.0,51480.0,35331.0,627.0,False,87438.0,76.58,0.005491329479768786,0.4508670520231214,0.30943247503941146,0.007170795306388526,0.5887600356824264,0.40406916901118506,0.08876003568242641,0.3,40.0,52.0,1058.0,226,Victoria,Vic,Inner Metropolitan,Dr Monique Ryan MP,Independent,221,0.4582,0.0418,-0.0418,0.1305600356824264
Bruce,201,114704.0,36255.0,50545.0,997.0,False,87797.0,76.54,0.008691937508718092,0.3160744176314688,0.44065594922583345,0.011355741084547307,0.41294121667027345,0.5757030422451792,-0.08705878332972655,0.6,37.0,21.1,691.0,204,Victoria,Vic,Outer Metropolitan,Mr Julian Hill MP,Australian Labor Party,201,0.5659000000000001,-0.06590000000000003,0.06590000000000003,-0.15295878332972657
Canning,236,120827.0,21145.0,70469.0,782.0,False,92396.0,76.47,0.006472063363321112,0.17500227598136178,0.5832222930305313,0.008463569851508724,0.22885189835057795,0.7626845317979133,-0.27114810164942205,2.7,42.0,12.5,694.0,503,Western Australia,WA,Outer Metropolitan,Hon Andrew Hastie MP,Liberal Party of Australia,236,0.46409999999999996,0.035900000000000036,-0.035900000000000036,-0.235248101649422
Deakin,209,114133.0,42048.0,44420.0,805.0,False,87273.0,76.47,0.007053174804832958,0.36841229092374683,0.38919506190146586,0.00922392950855362,0.48179849437970507,0.5089775761117413,-0.018201505620294933,0.5,40.0,33.1,832.0,211,Victoria,Vic,Outer Metropolitan,Hon Michael Sukkar MP,Liberal Party of Australia,209,0.49810000000000004,0.001899999999999977,-0.001899999999999977,-0.016301505620294955
Menzies,229,113175.0,38036.0,47595.0,884.0,False,86515.0,76.44,0.0078109123039540535,0.33608129003755244,0.42054340622929093,0.010217881292261458,0.43964630410911404,0.5501358145986245,-0.06035369589088596,0.3,42.0,38.9,769.0,234,Victoria,Vic,Outer Metropolitan,Mr Keith Wolahan MP,Liberal Party of Australia,229,0.4932,0.006799999999999997,-0.006799999999999997,-0.05355369589088596
Wentworth,152,104454.0,48948.0,29793.0,1039.0,False,79780.0,76.38,0.009946962299193904,0.46860819116548913,0.28522603251191914,0.013023314113812986,0.613537227375282,0.373439458510905,0.11353722737528205,0.4,38.0,53.6,1517.0,145,New South Wales,NSW,Inner Metropolitan,Ms Allegra Spender MP,Independent,152,0.44079999999999997,0.059200000000000016,-0.059200000000000016,0.17273722737528208
Scullin,232,111767.0,31148.0,52813.0,1383.0,False,85344.0,76.36,0.012373956534576395,0.27868691116340244,0.472527669168896,0.016205005624296963,0.3649700037495313,0.6188249906261717,-0.1350299962504687,0.9,36.0,22.9,694.0,237,Victoria,Vic,Outer Metropolitan,Hon Andrew Giles MP,Australian Labor Party,232,0.6557999999999999,-0.1558,0.1558,-0.2908299962504687
Watson,251,110995.0,34335.0,48497.0,1880.0,False,84712.0,76.32,0.01693769989639173,0.3093382584801117,0.43692959142303706,0.022192841628104636,0.40531447728775144,0.572492681084144,-0.09468552271224856,0.6,36.0,26.6,626.0,144,New South Wales,NSW,Inner Metropolitan,Hon Tony Burke MP,Australian Labor Party,251,0.6509999999999999,-0.15099999999999994,0.15099999999999994,-0.2456855227122485
O'Connor,243,121397.0,21727.0,70179.0,714.0,False,92620.0,76.3,0.005881529197591374,0.1789747687339885,0.578095010585105,0.0077089181602245736,0.23458216367955084,0.7577089181602246,-0.26541783632044913,5.7,42.0,12.6,772.0,511,Western Australia,WA,Rural,Mr Rick Wilson MP,Liberal Party of Australia,243,0.4303,0.06969999999999998,-0.06969999999999998,-0.19571783632044915
Barton,104,112669.0,36785.0,47511.0,1407.0,False,85703.0,76.07,0.012487907055179331,0.32648732126849445,0.42168653311913656,0.01641716159294307,0.4292148466214718,0.5543679917855852,-0.0707851533785282,0.7,36.0,34.4,813.0,102,New South Wales,NSW,Inner Metropolitan,Hon Linda Burney MP,Australian Labor Party,104,0.6554000000000001,-0.15540000000000007,0.15540000000000007,-0.22618515337852826
Adelaide,179,130165.0,47604.0,49973.0,1071.0,False,98648.0,75.79,0.008228018284485076,0.3657204317596896,0.3839204087120194,0.010856783715838132,0.48256426891574083,0.506578947368421,-0.017435731084259165,1.4,36.0,37.2,810.0,401,South Australia,SA,Inner Metropolitan,Mr Steve Georganas MP,Australian Labor Party,179,0.6191,-0.11909999999999997,0.11909999999999997,-0.13653573108425915
Hasluck,305,123799.0,31497.0,61560.0,696.0,False,93753.0,75.73,0.0056220163329267605,0.25442047189395717,0.49725765151576345,0.0074237624396019325,0.33595724936802024,0.6566189881923779,-0.16404275063197976,3.3,37.0,19.4,867.0,509,Western Australia,WA,Outer Metropolitan,Ms Tania Lawrence MP,Australian Labor Party,305,0.56,-0.06,0.06,-0.22404275063197976
Chisholm,205,111035.0,41206.0,41891.0,748.0,False,83845.0,75.51,0.006736614580987977,0.37110820912324943,0.3772774350430045,0.008921223686564493,0.4914544695569205,0.499624306756515,-0.008545530443079485,0.3,39.0,42.1,734.0,207,Victoria,Vic,Inner Metropolitan,Dr Carina Garland MP,Australian Labor Party,205,0.5640999999999999,-0.06409999999999996,0.06409999999999996,-0.07264553044307945
Holt,216,114354.0,37491.0,47914.0,930.0,False,86335.0,75.5,0.008132640747153575,0.32785035941025237,0.418997149203351,0.010771992818671455,0.4342503040481844,0.5549777031331441,-0.06574969595181562,0.8,33.0,20.2,788.0,221,Victoria,Vic,Outer Metropolitan,Ms Cassandra Fernando MP,Australian Labor Party,216,0.5711999999999999,-0.07119999999999997,0.07119999999999997,-0.1369496959518156
Fisher,161,131602.0,30317.0,67879.0,1075.0,False,99271.0,75.43,0.008168568866734548,0.23036883937934075,0.5157900335861157,0.01082894299442939,0.3053963393135961,0.6837747176919745,-0.1946036606864039,2.5,43.0,20.6,748.0,310,Queensland,Qld,Rural,Mr Andrew Wallace MP,Liberal National Party of Queensland,161,0.4133,0.08670000000000001,-0.08670000000000001,-0.10790366068640388
Petrie,175,129444.0,31573.0,65203.0,817.0,False,97593.0,75.39,0.006311609653595377,0.2439124254503878,0.5037158925867556,0.008371502054450626,0.32351705552652343,0.668111442419026,-0.17648294447347657,3.5,39.0,20.2,778.0,326,Queensland,Qld,Outer Metropolitan,Hon Luke Howarth MP,Liberal National Party of Queensland,175,0.4556,0.044399999999999974,-0.044399999999999974,-0.1320829444734766
Longman,302,135744.0,24542.0,76709.0,1046.0,False,102297.0,75.36,0.007705681282413956,0.18079620462046206,0.565100483262612,0.01022512879165567,0.2399092837522117,0.7498655874561326,-0.2600907162477883,4.9,39.0,11.8,689.0,320,Queensland,Qld,Provincial,Mr Terry Young MP,Liberal National Party of Queensland,302,0.4692,0.030799999999999984,-0.030799999999999984,-0.2292907162477883
Maribyrnong,225,111198.0,41813.0,40857.0,982.0,False,83652.0,75.23,0.00883109408442598,0.3760229500530585,0.36742567312361735,0.011739109644718596,0.49984459427150574,0.4884162960837756,-0.00015540572849426226,0.5,39.0,35.4,931.0,231,Victoria,Vic,Inner Metropolitan,Hon Bill Shorten MP,Australian Labor Party,225,0.6245,-0.12450000000000004,0.12450000000000004,-0.1246554057284943
Flynn,311,114729.0,13795.0,72001.0,494.0,False,86290.0,75.21,0.004305798882584176,0.12023986960576663,0.6275745452326787,0.005724881214509213,0.15986788735658825,0.8344072314289025,-0.34013211264341175,6.9,39.0,10.5,733.0,311,Queensland,Qld,Rural,Mr Colin Boyce MP,Liberal National Party of Queensland,311,0.4618,0.0382,-0.0382,-0.30193211264341174
McPherson,171,118840.0,30087.0,58234.0,1043.0,False,89364.0,75.2,0.008776506226859644,0.2531723325479637,0.49002019522046447,0.011671366545812632,0.3366791996777226,0.6516494337764648,-0.16332080032227742,2.0,40.0,24.0,798.0,322,Queensland,Qld,Provincial,Hon Karen Andrews MP,Liberal National Party of Queensland,171,0.40659999999999996,0.09340000000000004,-0.09340000000000004,-0.06992080032227738
Groom,164,115993.0,20630.0,65867.0,672.0,False,87169.0,75.15,0.005793453053201486,0.1778555602493254,0.5678532325226522,0.007709162661037754,0.23666670490656083,0.7556241324324015,-0.26333329509343917,5.0,38.0,19.6,759.0,314,Queensland,Qld,Provincial,Mr Garth Hamilton MP,Liberal National Party of Queensland,164,0.3583,0.14170000000000002,-0.14170000000000002,-0.12163329509343915
Herbert,165,119674.0,21285.0,67781.0,824.0,False,89890.0,75.11,0.006885371927068536,0.17785818139278373,0.5663803332386316,0.00916675937256647,0.23678940927800646,0.7540438313494271,-0.26321059072199354,9.7,35.0,17.7,849.0,315,Queensland,Qld,Provincial,"Mr Phillip Thompson OAM, MP",Liberal National Party of Queensland,165,0.3823,0.11770000000000003,-0.11770000000000003,-0.14551059072199352
Spence,325,133135.0,27190.0,71574.0,1145.0,False,99909.0,75.04,0.008600292935741917,0.20422879032560934,0.5376046869718707,0.011460428990381247,0.27214765436547256,0.7163919166441461,-0.22785234563452744,3.6,35.0,9.5,635.0,409,South Australia,SA,Outer Metropolitan,Mr Matt Burnell MP,Australian Labor Party,325,0.629,-0.129,0.129,-0.35685234563452745
Maranoa,170,113380.0,12829.0,71719.0,537.0,False,85085.0,75.04,0.004736285059093314,0.11315046745457753,0.6325542423707885,0.006311335723100429,0.1507786331315743,0.8429100311453253,-0.3492213668684257,7.5,43.0,11.2,663.0,321,Queensland,Qld,Rural,Hon David Littleproud MP,Liberal National Party of Queensland,170,0.2788,0.2212,-0.2212,-0.1280213668684257
Kennedy,167,121498.0,17587.0,72851.0,636.0,False,91074.0,74.96,0.005234654068379726,0.14475135393175195,0.5996065778860558,0.006983332235325121,0.1931067044381492,0.7999099633265256,-0.3068932955618508,14.8,40.0,11.2,718.0,317,Queensland,Qld,Rural,Hon Bob Katter MP,Katter's Australian Party,167,0.39840000000000003,0.10159999999999997,-0.10159999999999997,-0.20529329556185083
Perth,245,123849.0,51108.0,40363.0,875.0,False,92346.0,74.56,0.007065055026685722,0.4126638083472616,0.32590493261956094,0.009475234444372252,0.5534403222662595,0.43708444328936824,0.0534403222662595,1.2,37.0,38.4,1017.0,513,Western Australia,WA,Inner Metropolitan,Hon Patrick Gorman MP,Australian Labor Party,245,0.648,-0.14799999999999996,0.14799999999999996,-0.09455967773374047
Fremantle,240,120836.0,41458.0,47637.0,938.0,False,90033.0,74.51,0.007762587308418021,0.34309311794498326,0.39422854116322953,0.010418402141437029,0.46047560338986815,0.5291059944686948,-0.03952439661013185,1.8,38.0,28.8,934.0,508,Western Australia,WA,Inner Metropolitan,Mr Josh Wilson MP,Australian Labor Party,240,0.6689,-0.1689,0.1689,-0.20842439661013185
Bonner,310,111658.0,32947.0,49476.0,680.0,False,83103.0,74.43,0.006090024897454728,0.2950706622006484,0.4431030468036325,0.008182616752704475,0.3964598149284623,0.5953575683188332,-0.10354018507153773,2.0,38.0,32.5,907.0,302,Queensland,Qld,Outer Metropolitan,Mr Ross Vasta MP,Liberal National Party of Queensland,310,0.46590000000000004,0.034099999999999964,-0.034099999999999964,-0.06944018507153776
Fraser,321,113529.0,46767.0,36649.0,1023.0,False,84439.0,74.38,0.009010913511085274,0.4119387997780303,0.32281619674268247,0.012115254799322588,0.5538554459432253,0.43402929925745215,0.05385544594322533,0.6,36.0,29.2,717.0,214,Victoria,Vic,Inner Metropolitan,Dr Daniel Mulino MP,Australian Labor Party,321,0.665,-0.165,0.165,-0.11114455405677467
Oxley,174,118076.0,34487.0,52154.0,904.0,False,87545.0,74.14,0.007656085910769335,0.2920745960229005,0.44169856702462823,0.010326117996458963,0.39393454794677024,0.5957393340567708,-0.10606545205322976,3.6,34.0,23.5,787.0,325,Queensland,Qld,Outer Metropolitan,Hon Milton Dick MP,Australian Labor Party,174,0.6159,-0.11590000000000003,0.11590000000000003,-0.2219654520532298
Blaxland,107,110299.0,30104.0,49492.0,2169.0,False,81765.0,74.13,0.01966472950797378,0.27293085159430275,0.4487076038767351,0.026527242707760045,0.3681770928881551,0.6052956644040849,-0.1318229071118449,0.6,33.0,20.4,556.0,105,New South Wales,NSW,Inner Metropolitan,Hon Jason Clare MP,Australian Labor Party,107,0.6494,-0.14939999999999998,0.14939999999999998,-0.2812229071118449
Brand,235,123364.0,27550.0,62956.0,825.0,False,91331.0,74.03,0.006687526344800752,0.22332284945364936,0.5103271618948801,0.009033077487381065,0.3016500421543616,0.6893168803582573,-0.1983499578456384,3.1,35.0,13.6,792.0,501,Western Australia,WA,Outer Metropolitan,Hon Madeleine King MP,Australian Labor Party,235,0.6670999999999999,-0.16709999999999994,0.16709999999999994,-0.3654499578456384
Wills,234,111191.0,52194.0,29035.0,1044.0,False,82273.0,73.99,0.00938924912987562,0.4694084952918851,0.261127249507604,0.01268946069792034,0.6344001069609714,0.35291043234110825,0.13440010696097138,0.6,35.0,40.6,906.0,239,Victoria,Vic,Inner Metropolitan,Mr Peter Khalil MP,Australian Labor Party,234,0.7576999999999999,-0.2577,0.2577,-0.12329989303902861
Higgins,215,110069.0,48294.0,32095.0,655.0,False,81044.0,73.63,0.005950812672051168,0.438761140738991,0.2915898209305072,0.00808202951483145,0.5958985242584275,0.396019446226741,0.09589852425842749,0.3,37.0,52.4,1218.0,220,Victoria,Vic,Inner Metropolitan,Dr Michelle Ananda-Rajah MP,Australian Labor Party,215,0.5206000000000001,-0.02060000000000002,0.02060000000000002,0.07529852425842747
Cowan,237,124405.0,33168.0,57292.0,1122.0,False,91582.0,73.62,0.009018930107310799,0.2666130782524818,0.4605281138217917,0.01225131576073901,0.36216723810355744,0.6255814461357035,-0.13783276189644256,2.1,38.0,20.4,724.0,504,Western Australia,WA,Inner Metropolitan,Hon Dr Anne Aly MP,Australian Labor Party,237,0.6082,-0.1082,0.1082,-0.24603276189644258
Parramatta,140,109369.0,35628.0,43526.0,1131.0,False,80285.0,73.41,0.010341138713895161,0.3257595845257797,0.39797383170733935,0.014087313944074236,0.44376907267858257,0.5421436133773432,-0.056230927321417434,0.8,34.0,39.9,813.0,135,New South Wales,NSW,Inner Metropolitan,Dr Andrew Charlton MP,Australian Labor Party,140,0.5457,-0.045700000000000005,0.045700000000000005,-0.10193092732141744
Moreton,173,108873.0,38186.0,40536.0,853.0,False,79575.0,73.09,0.007834816713050986,0.3507389343547069,0.37232371662395636,0.010719447062519635,0.4798743323908263,0.5094062205466541,-0.020125667609173725,1.6,36.0,38.9,825.0,324,Queensland,Qld,Inner Metropolitan,Mr Graham Perrett MP,Australian Labor Party,173,0.5909,-0.09090000000000004,0.09090000000000004,-0.11102566760917376
Blair,304,133540.0,28533.0,67140.0,934.0,False,96607.0,72.34,0.006994159053467126,0.2136663172083271,0.5027707054066197,0.009668036477687953,0.2953512685416171,0.694980694980695,-0.20464873145838292,5.6,35.0,14.4,764.0,301,Queensland,Qld,Provincial,Hon Shayne Neumann MP,Australian Labor Party,304,0.5523,-0.05229999999999997,0.05229999999999997,-0.2569487314583829
Leichhardt,168,122291.0,30421.0,57227.0,764.0,False,88412.0,72.3,0.006247393512196319,0.24875910737503168,0.46795757660007686,0.008641360901235127,0.34408225127810704,0.6472763878206579,-0.15591774872189296,16.3,39.0,19.0,776.0,318,Queensland,Qld,Rural,Hon Warren Entsch MP,Liberal National Party of Queensland,168,0.4656,0.03439999999999998,-0.03439999999999998,-0.12151774872189297
Griffith,163,123522.0,49211.0,38833.0,806.0,False,88850.0,71.93,0.0065251534139667425,0.3983986658247114,0.31438124382701055,0.009071468767585819,0.5538660664040518,0.4370624648283624,0.05386606640405178,1.5,34.0,44.2,1102.0,313,Queensland,Qld,Inner Metropolitan,Mr Max Chandler-Mather MP,Australian Greens,163,0.6107,-0.1107,0.1107,-0.056833933595948224
Swan,247,122766.0,37856.0,49756.0,678.0,False,88290.0,71.92,0.00552270172523337,0.3083589919032957,0.40529136731668375,0.007679238871899422,0.4287688299920716,0.563551931136029,-0.07123117000792839,2.2,36.0,31.4,897.0,514,Western Australia,WA,Inner Metropolitan,Ms Zaneta Mascarenhas MP,Australian Labor Party,247,0.5877,-0.08770000000000003,0.08770000000000003,-0.15893117000792842
Burt,317,117415.0,27277.0,55564.0,809.0,False,83650.0,71.24,0.006890090703913469,0.23231273687348294,0.4732274411276242,0.009671249252839211,0.3260848774656306,0.6642438732815302,-0.17391512253436942,3.0,35.0,18.9,747.0,502,Western Australia,WA,Outer Metropolitan,Hon Matt Keogh MP,Australian Labor Party,317,0.6520999999999999,-0.15209999999999993,0.15209999999999993,-0.3260151225343694
Calwell,203,116588.0,35714.0,45711.0,1440.0,False,82865.0,71.08,0.012351185370707105,0.3063265516176622,0.3920729406113837,0.017377662463042298,0.43099016472575874,0.5516321728111989,-0.06900983527424126,0.7,32.0,20.9,623.0,205,Victoria,Vic,Outer Metropolitan,Ms Maria Vamvakinou MP,Australian Labor Party,203,0.6239,-0.12390000000000001,0.12390000000000001,-0.19290983527424127
Fadden,159,131723.0,24205.0,68290.0,1081.0,False,93576.0,71.04,0.008206615397462858,0.1837568230301466,0.5184364158119691,0.01155210737796016,0.2586667521586732,0.7297811404633667,-0.24133324784132681,2.4,39.0,19.0,770.0,308,Queensland,Qld,Outer Metropolitan,Mr Cameron Caldwell MP,Liberal National Party of Queensland,159,0.3937,0.10630000000000005,-0.10630000000000005,-0.13503324784132675
Sydney,149,122192.0,60445.0,24993.0,799.0,False,86237.0,70.57,0.006538889616341495,0.4946723189734189,0.20453875867487234,0.009265164604520102,0.7009172396998968,0.28981759569558313,0.20091723969989683,1.5,33.0,52.4,1228.0,142,New South Wales,NSW,Inner Metropolitan,Hon Tanya Plibersek MP,Australian Labor Party,149,0.7556999999999999,-0.2557,0.2557,-0.05478276030010315
Solomon,307,72938.0,17955.0,33029.0,419.0,False,51403.0,70.47,0.00574460500699224,0.24616797828292522,0.4528366557898489,0.008151275217399763,0.3492986790654242,0.642550045717176,-0.15070132093457578,10.1,34.0,29.0,1110.0,702,Northern Territory,NT,Inner Metropolitan,"Mr Luke Gosling OAM, MP",Australian Labor Party,307,0.5937,-0.09369999999999995,0.09369999999999995,-0.24440132093457573
Wright,316,131045.0,19995.0,71285.0,823.0,False,92103.0,70.28,0.006280285398145675,0.15258117440573848,0.5439734442367126,0.008935648133068413,0.2170939057359695,0.7739704461309621,-0.28290609426403046,3.9,39.0,14.5,752.0,330,Queensland,Qld,Rural,Hon Scott Buchholz MP,Liberal National Party of Queensland,316,0.3911,0.10890000000000001,-0.10890000000000001,-0.17400609426403046
Durack,312,124218.0,23871.0,61934.0,650.0,False,86455.0,69.6,0.005232735996393437,0.19217021687678115,0.49859118646250944,0.007518362153721589,0.2761089584176739,0.7163726794286045,-0.2238910415823261,15.2,37.0,12.4,928.0,506,Western Australia,WA,Rural,Hon Melissa Price MP,Liberal Party of Australia,312,0.4573,0.04270000000000003,-0.04270000000000003,-0.18119104158232607
Rankin,176,112406.0,26942.0,50080.0,968.0,False,77990.0,69.38,0.008611639948045478,0.23968471433909222,0.4455278187997082,0.012411847672778562,0.34545454545454546,0.642133606872676,-0.15454545454545454,3.5,34.0,19.2,710.0,327,Queensland,Qld,Outer Metropolitan,Hon Dr Jim Chalmers MP,Australian Labor Party,176,0.5909,-0.09090000000000004,0.09090000000000004,-0.24544545454545458
Moncrieff,172,124182.0,25921.0,58766.0,970.0,False,85657.0,68.98,0.00781111594272922,0.20873395500153002,0.47322478297981996,0.011324235030411993,0.3026139136322776,0.6860618513373105,-0.19738608636772242,1.9,40.0,23.9,768.0,323,Queensland,Qld,Provincial,Ms Angie Bell MP,Liberal National Party of Queensland,172,0.3881,0.11189999999999997,-0.11189999999999997,-0.08548608636772245
Brisbane,156,127069.0,47200.0,37283.0,602.0,False,85085.0,66.96,0.004737583517616413,0.37145173094932676,0.2934075187496557,0.007075277663512958,0.55473937826879,0.438185344067697,0.05473937826879005,1.4,34.0,46.3,1140.0,304,Queensland,Qld,Inner Metropolitan,Mr Stephen Bates MP,Australian Greens,156,0.544,-0.043999999999999984,0.043999999999999984,0.010739378268790067
Macnamara,322,113613.0,47898.0,26822.0,670.0,False,75390.0,66.36,0.005897212466883192,0.42158907871458373,0.23608213848767307,0.00888712030773312,0.6353362514922404,0.35577662820002653,0.13533625149224038,0.4,36.0,50.9,1241.0,229,Victoria,Vic,Inner Metropolitan,Mr Josh Burns MP,Australian Labor Party,322,0.6225,-0.1225,0.1225,0.01283625149224038
Forde,162,126626.0,22974.0,59348.0,1053.0,False,83375.0,65.84,0.008315827713107892,0.1814319334102001,0.4686873154012604,0.01262968515742129,0.2755502248875562,0.7118200899550224,-0.2244497751124438,3.7,35.0,14.5,772.0,312,Queensland,Qld,Outer Metropolitan,Mr Bert van Manen MP,Liberal National Party of Queensland,162,0.45770000000000005,0.04229999999999997,-0.04229999999999997,-0.18214977511244382
Melbourne,228,116178.0,58008.0,16910.0,551.0,False,75469.0,64.96,0.004742722374287731,0.49930279398853483,0.1455525142453821,0.007301011011143648,0.7686334786468616,0.22406551034199473,0.2686334786468616,0.6,31.0,54.6,1055.0,233,Victoria,Vic,Inner Metropolitan,Mr Adam Bandt MP,Australian Greens,228,0.7791,-0.2791,0.2791,-0.010466521353138414
Lingiari,306,80061.0,20014.0,25164.0,366.0,False,45544.0,56.89,0.00457151422040694,0.24998438690498495,0.3143103383669952,0.008036184788336554,0.4394431758299666,0.5525206393816968,-0.060556824170033385,40.3,32.0,14.4,726.0,701,Northern Territory,NT,Rural,Ms Marion Scrymgour MP,Australian Labor Party,306,0.5095000000000001,-0.00950000000000003,0.00950000000000003,-0.07005682417003342
